-- phpMyAdmin SQL Dump
-- version 5.1.1
-- https://www.phpmyadmin.net/
--
-- Anamakine: 127.0.0.1
-- Üretim Zamanı: 08 Eki 2022, 08:48:40
-- Sunucu sürümü: 10.4.22-MariaDB
-- PHP Sürümü: 8.0.13

SET SQL_MODE = "NO_AUTO_VALUE_ON_ZERO";
START TRANSACTION;
SET time_zone = "+00:00";


/*!40101 SET @OLD_CHARACTER_SET_CLIENT=@@CHARACTER_SET_CLIENT */;
/*!40101 SET @OLD_CHARACTER_SET_RESULTS=@@CHARACTER_SET_RESULTS */;
/*!40101 SET @OLD_COLLATION_CONNECTION=@@COLLATION_CONNECTION */;
/*!40101 SET NAMES utf8mb4 */;

--
-- Veritabanı: `ecommerceproject`
--

-- --------------------------------------------------------

--
-- Tablo için tablo yapısı `categories`
--

CREATE TABLE `categories` (
  `cid` bigint(20) NOT NULL,
  `category_name` varchar(255) DEFAULT NULL
) ENGINE=InnoDB DEFAULT CHARSET=utf8mb4;

--
-- Tablo döküm verisi `categories`
--

INSERT INTO `categories` (`cid`, `category_name`) VALUES
(1, 'Televizyon'),
(2, 'Telefon'),
(3, 'Buzdolabı'),
(4, 'Ayakkabı');

-- --------------------------------------------------------

--
-- Tablo için tablo yapısı `orders`
--

CREATE TABLE `orders` (
  `oid` bigint(20) NOT NULL,
  `order_name` varchar(255) DEFAULT NULL,
  `user_id` bigint(20) DEFAULT NULL
) ENGINE=InnoDB DEFAULT CHARSET=utf8mb4;

-- --------------------------------------------------------

--
-- Tablo için tablo yapısı `product`
--

CREATE TABLE `product` (
  `pid` bigint(20) NOT NULL,
  `product_detail` varchar(255) DEFAULT NULL,
  `product_name` varchar(255) DEFAULT NULL,
  `product_price` varchar(255) DEFAULT NULL,
  `category_cıd` bigint(20) DEFAULT NULL,
  `product_imageiid` bigint(20) DEFAULT NULL
) ENGINE=InnoDB DEFAULT CHARSET=utf8mb4;

--
-- Tablo döküm verisi `product`
--

INSERT INTO `product` (`pid`, `product_detail`, `product_name`, `product_price`, `category_cıd`, `product_imageiid`) VALUES
(4, 'color,blue ', 'Iphone11', '5250', 2, 1),
(10, 'color,blue ', 'Sony Xperia3', '5000', 2, 2),
(11, 'color,blue ', 'Sony Xperia3', '5000', 2, 2),
(12, 'color,blue ', 'Sony Xperia3', '5000', 2, 2),
(13, 'color,blue', 'Samsung', '250', 1, 1),
(14, 'color,blue', 'Samsung', '250', 1, 1),
(15, 'color,blue', 'Samsung', '250', 1, 1),
(16, 'color,blue', 'Samsung', '21', 1, 1),
(17, 'color,blue', 'Samsung', '21', 1, 1),
(18, 'color,blue', 'Samsung', '21', 1, 1),
(19, 'color,blue', 'ıphone', '2', 1, 1),
(20, 'color,blue', 'ıphone', '22', 1, 1),
(21, 'color,blue', 'ıphone', '222', 1, 1),
(22, 'color,blue', 'ıphone', '2222', 1, 1),
(23, 'color,blue', 'ıphone', '22222', 1, 1),
(24, 'color,blue', 'ıphone', '222221', 1, 3);

-- --------------------------------------------------------

--
-- Tablo için tablo yapısı `product_image`
--

CREATE TABLE `product_image` (
  `iid` bigint(20) NOT NULL,
  `file` longtext DEFAULT NULL,
  `pid` bigint(20) DEFAULT NULL
) ENGINE=InnoDB DEFAULT CHARSET=utf8mb4;

--
-- Tablo döküm verisi `product_image`
--

INSERT INTO `product_image` (`iid`, `file`, `pid`) VALUES
(1, 'data:image/webp;base64,UklGRh4tAABXRUJQVlA4IBItAABQWwGdASr1Ae4CPlEmjkWjpq8ip5VKCeAKCWc6PWw84lCrH2vd8rYvWBxs4bD2Pxc1B94YQbyLdqb/gYjsR9UJn9VmNnyoHrxuQDezr5X+Vf/DbX7IU3e5n7cJ7u6v9l4vuQQ4gv+8XdTtNeELfnukGbec285t5zbzm3nNvObec285t5zbzm3nNvObec285t5zbzm3nNvObec285t5zbzm3nNvObec285t5zbzm3nNvObec285t5zbzm3nNvObec285t36WZIP2Xz2MutDfQNOeSycFdquxaa48dHL8t3g4y61eaQxubzWpfnuhng1P0HvF/P0JHGNgx8w4dU0P0eedOCoD6Du7n7cHC95HrsYedba/k1Ds7fFIMfxY6HeJRRKK88Hyung9FSN2uP4U8MwvcGC+XT/moD88SggpDWV3+KPuztY5xKg/k09pdSgHrw/zaiB86MTMsYcfVO7fSQdARprQnTWH+LDFt+hndyBsjKAQm2dwCE01mIqZx6K/bhSL2hSX/s3SvEN7gwd2hcdAIsbOPozwwY+6vH0B+Rt/V/kblE31TgoZvJPW6ti7CoFL895yWwbYrzJexKeZSHdrtP6ZMw/Il+QhbNIVGURJEzit42PrMeyjAp4K9pxOUpBVDi+8YRDhtNvAhliQs41+3/wAbM95zQOlR0KLexYMIwGYU2RzTTEQszcxuLfA3miewAEsQAAcJi9REaZbuatQKsiXJzWi3j7GGDDrh8eKw7TZVwKPH4jTcQAxbYAGqBFYJ/5fBLWAMhBNGT0TWKeTB5o7zif/T/C7alW6IGdTWw2AadXw6E9guMpb6TYXbLFHJWNWKeqz8kyN835o6nKTNf2yMNFRFWnNY7klwvwM4DZqYXAX7LlZ16bUbgCH1NHK2eyf3FlHnmS7LglTP1b/CLba+29CpPcKjDIdVMapN6iokODNDgZDd8wr9HpHQPPK0Iif2oB1Ajii5YljxSz5LW0L2Pu06TbNTbE8fnTPSUcmoeXnAVMPSoCodE3quSqwomGjcyY84C/M57kmkMycj5WTimV4evGucWNTyKCFEF3gFZ1sFMgFMwbiYW+mGdVtI5YvaErZpOS2SmaUkDHjPAaeJxoiLs5SXrooGU9Xu5t2COnfJmXniKHVGh9VNfyL+8YIlHOQUFJWStJxsC22P4uDRvlMjCtKXbaSxvXgkjf9dRDiw2stkk57CN7sATb89xbaKsfqb4Iwcbu+t57ichJKYsdL5Gpeian2dIBxsPjeoXliHf+fKoT10MVV/awiMPaQKcBTlF9LqNp/ynGbZKROxpvwKrkp+aEALFZ+/z4y9X/magFRtIz5fyJiCNy+sspenvepYHBBONtdcJvl30vYq24GziJNj/HW7rWTTu/lpdO+7+3vrbswWtTel1wUbUt3zZ4qSMWT6hEK/3XoGbYZlE0rbwzGTQBtYNtUB1Q3/CTf7zr2g1hhevMV5NAj9Lk/dAy1n0fIw8pnd8UridRN1dz00O5ijVYztA32XcBGD4XBO+exsgO6cfG4pYKepI73wqRgG4JtEH3RiT4Bv8oXvQaAhrkQe/oE7Z290fL5e9weFchvZaTGxjhB4BEYgej/Lb63h+offzf2F1eyGrWyZu8D02o6hkOE573fR+3d0qTIr1pjDg0c2BKzWfdYIdjujr+HmsaFxlHWVwi4yA5t1TKzBsBlzYmtMmiYN/EZmKIE6Ty9SKfmvM7bPkEAIXfbXsEJkTqGZqo1J//Hn7zT2rOqqMRqYdw98LgpzCxqbXX0jFT/uFiQuTqC0dRoLNJv1SYWSMbLxN002g1rKOQQTRd3nrd/f8aqduQtNBfWsulhEveUvcT/5w5Z2CT+0p2w/qtWFGzfQLJTPAShzTfu/QUid/yC/yKCLjqqCcIXSz2OGtf6ZKlltca/6qgwAJTlpTy0bZON5g2a6Bz+Tf3a5BJ2ZYjAZ+1I5BsQ/sTArU9BgsTGda3tkv+Xp+Z2qcXsI8KUyPvsXV8ltBJIq+q9g2Lvws81KkvLcBnT/nfCWRKSW1DhNswHryWw46TIBsmb3WUlClrEABTHelQy1XO2LF9aiJRQX/ojRNHMm/Qc5krHh9uAdhEoQbWhH227cuFf8qqL8K2DDNV+nZ6gxebGKYdFdeXz0hpJOQ8QHaLoUWrGKtJ/7mItRLrvJFUfj5P6wZ9GJcqejpc7WSF3lD8POeqZpAxxZJUT3zEsxyPG5vzLPVCxxTFDati4Quh5knZwmZ6d4w7wHLxY/ZWjQdKC7OjcNeT9R0UQ91HJBEQ0s+8U6Dl79MVp5IqektyloxM6RDuPWKgrWpeQd0UqSMu8U9gvx9B+AcpLLb0sKHybikkIimRsSjrVaxhhRID8NVQN2gN30re4C3TcBUoSwwgR28ytAK1A3jn3/myn6ZVK4wiG6ygzu30FH1CPMn7X8H8Wg2tOfvxzkOjXPXi1WVyKWKfGNVBgkCdKP3dKSPGxOJ//HryW0HXEL1vYmYHta1FyXR+GD6COJzCng8hEU+J/J6KlVRyoT+So6n91mu8IB3qYGT6MbTUYqfPgnCQLn9n6K2kfhPs/jHnDKIl+WO+XSlmV2lUZ3vHlcxXBz1AO/BJM4ku3ekNhe1rabTK5X7SWH9fFgOECxPJGfulx7S1TfsRi1YJ6bUeBnGsoygVEvXga8WTlsL7ePbNRiITWwdP2rF/MyIURQLB6NFXjzP/490ye+lRHybNz69OFvMQxwycg+djGk6LFIoFHLJKKnmemk54QHBUnk4D15LYccv6wIrZ591Igh1mwhLjrF4Nt99dRY2sRjs3lxWYuxpQ5LSbILiuKZATtYGm3lFGVmL+agDOGvyXrdxNXmxxLhRvW5tNty8YVFGsuJ1SP7+anqqOVh2/ZpVd2jd6lZGpxRWBxz7RiMD27kYkUnwkhIuLWnKknXRB+QOTRo6u40xf3j/Ud4Vw4PKdrcMVaU6Ipf/HhbnipzFuBEjVvn6qQ5T1rF4QNpJwbKPNWFr4Fn4nVdPrZArINvSFe4aojQMf4I+B395YyjdyF1yMN85V5igphFqaigWeahEVO6pBnM54igKBm1QdsESo1R/BHwO/vNQ8rxz3IQ8790LmCFmk0i10+2h3BZAR1Z3ysMKGsMn6iC4+RYTTPFFXD6FDhEPLmqH351Y+r0JDC+4znsMP3I4gJe2CrWS477+NytpuBQBdZIvgNlTeGawI9W/j1I7QcuTPpzWqe+r9yHUB1CpNLw1SO7foBvBlKGyR2q/s6XHDbboi+aY9s3lYgm/s8AuzCp0Qp6vw03PhtZL2kk/FJRx3lCgqAMm5u+1mODoY4f/ezpEwRG6avmP8V4vnFW0T0YflujtwmaSfhjibhJ4ZDqGzU27wF48qmssYDZUgM/fJCpbTpN54mo9MtuBlfCuo7CrHSxLBc8XeKNtMh3lSTCH9CRG0Hk2zpqcPWLGFxX6U6EM7TkMG79FnIoPCj9Ez0MUOVbscU/Xw3cptqesOHhprBC/9aMn/HmgYaRkA3ICH/hzGdpszQK69fiT9B/ar1RzVZCSJ/Np3MAOHbqRcFi7n4Q8qJSsXw3Ed/POLufaN2wL6q+MXj76KVU+tocO3SDNvObgm14HhCUDvz3SDNvObec285t5zbzm3nNvObec285t5zbzm3nNvObec285t5zbzm3nNvObec285t5zbzm3nNvObec285t5zbzm3nNvObRAA/v89AAAAAAAAAAAAAAAAAAAAAAAAAAAAAAAAAAAAAAAAAdmG9ieHIkjzxZgYRmiF/YBvULU2cdA47BPonm7ox6eN2vO9Tnu5OvlGBHXpYQZUCT5bvc0+kFQtby+Wm8YR2bOwh2uFMf/eHn3SPkXu3nT3q/tzjqZm0IvIikw7MNQjCcA7RZaWQFdflOiRdm1JXStaS9OlRY4Foc8ajk65DshhU4bGt8z1DR0DeswShUATBJUCUR0PihNz2Solw7byJZ8D9exD+TTuX2ib9nImAwz4NDAp1J8vvvi2hdOguUXtDEY6Ijh3Ho+A/55UsFoN+ypv9HLfWUl+Z2xIGHBmGbMR/l0dx6R4M6+wytb+B7kVKzmOug/gSg1+PBbnMeX4fILCuNlx+4wvh8ZkKzeclPoRrIPXzOwhRlOHohDn2CNLv+4b3zMJJvFZ253xs9lNIudzcGmuLQyYHUgH/irA9aYdR/z/e1vEcAFciF1rbs3moBi2ZpBidcOqTquxNkHowCSKyefnJOMQpJpz3sZ5a36PMLO/fMqtDkBJv04pg9i6z5Dn0SNWJJe70N5ycei54gWhJgBlfnJ4H0H49feinc5Fk42Mry7y7gVwhuyCz70BNA+f45lMS+DvjG5hkda62W12ysUYqBOF3Lk0qiCHNVv8JfNdglYDCdiqAlg7MzK/+nSRQUaD64i9mXZEmmwMqwWXDpD5nsutbBknBlpq0tYLbU6gvbIIpRu/2k8pqwb9vgKR2yLyaAiLABrpHjXN1aTLWjAZp++gv7s1tbSmGh2rDiiP8wyhCvX/eNQcmsY0QxusHvJf5Bin/Rumw11puCvZuxzefabEcZ/2M82k/hG85+e2nUW2VQkwkqsZG/QQ+tjRkQnjKxcqXTJOPnUUTg8ACDofWq0K8JU/Px7XxPSnytVK2VEOS3XDMb9jKiUE4rmhn4PuToT9vRRQv1AIPCYurunaNWPQyC6X2aZfDoS8U83jMD8JDFZiJgWysvnaF6Qy/3QBVG4+K2QLYSdFQl1sMqhD1gHOtJKij4aluKWp5Iq2QlyQTvHvF9yGw6dIoJl7n2xzqxnZIeNlEI3nwbwqoPwTzgSly0Slrmnc9krqpNHdd9LiIs/MQbz8+FhPvC3wEV4r9sKBPuzKbNpGVYQsBGFvS9RPwji83AlIQIa7NWWjNz9I2ifFhwememB2vUS4OWxPTyBNKpwL2K0tk4gJCiGdUHTKOhcBa/l21xjeAYmPjcrLE0Gc2bFrvtd96vfRwBco5uZjVzp11rvuCNYhH+4aaDBTYyobDIdX/7T9aymmSwjC8p3jojhuvTdbadDlNYxh1fkJY2VBjHNU+sF0NDifSA5xK3hn4vkLJsR8JCH0VCxyBYrKxoKPFRNoieFhqPArFnuNoDlFnyvEwUSiit+Xyd+27Wd2MDM7g+Lw9ch4hXUi69t7pn3w2GIAw68KQ0vRpu7ZB6dQ1oZGSCVDtJ7GhoWDD8X/8d2msQOcKNl6IESRZAs2qcXCqOM8P7BXMJwZhfMx/alcQdW/HvsTD2l95TPnoPw5DzvAEc5ZnJHN8cWmMk4pEvzK6g+I/yD+wZSuzkCsaOd/6Lz/HclQYDupWxKEay78h9WcGUFx/ZA5vBBbrIr9Ey1HhIcEaZgg3EqmWrRWZA3LjpdD87CaFqv6Y4oKhwTwXGPi+oL+bJuPQI0UnmPdn1wMht2xXHueQaHNsOeVWzahX2ZzKN7n3m18Vp/5h/+PK2Nc2KV/RKP5BVTQlFRAFVtQRnsp7+vGjvFcuYuTT8okXrJGcrcBfn43HnAb8we6+v+39pfFp+pAMD4R82sTi/XRQQMwc7hKNrvCOo3c4dHIEtpI2h28ehGZUoab/U/mBgMJ7rOCsQIHaLwOu2X5OL0qR77/jNCwpkqx7zYjWKf//4LMNih1Ck0LhBGvTWaBStykbNmaKS11Jl558nBT4LDNACKIYMLeVwYfD0fHZ0aw1gHiQ2zX12uiV1NnftMBhqktFL7W/2cfpSwlt14EhJzZEcJy2GJpuUmKS3hNlYlsGV1F+rNgtu0CqCvjaBN13Mw+84FqSUWRUzAYwYGoHLD2yAlHbe9J6RCyQk8pEyfQC/mWUsvaGN5COEo54/WKCUUwYuf5cz02CuEtuDKLT1Kd6xCnEdiMCJvkaEKY2t762ctxKL7gW7nqSArMoo2D6FixoOG/1NA+u9+5FBGVcxwABMg6EdOEqkZlsUzZ0nTwypYKD4D+S6+tCgxsxWIOV/V6CGu99WsNaaFu2UETtcBhQXbMCa8tfB1eZzneTmxqYkLl+YD2yfUbho0+6X2SUSl1ouw2RkD8pWNK/iZ+lPSD584tpRP38VGQHAJ7rF2db9uoXvtTNf8tBihnsESf+VFedQGqvMGADtIg9dlvLFJdttqflr5NF479YByakrQN5671DihQQNdQ3ZjC5v3pyDvgeEQ8Yufu+9K4eZDuj/xtyDg/fzqxEYKljcPm2HkZxK6wWj+Jv7bC45u8eO1Ff6oflfRDBCyRHyqgtEBb07lHTiuMkPoghWb2HBZiq0+gBJXvbAnThIYAmMuI6Uw+/t9ZVNRrbX042K5MOOIRIjRUdDoe27gpc5qE17BSm0v1gJQEShnWd/TpRpiY380zEK4UwdO46mrMRINLD0T8H5IshNYQthcowBxjgjVg1PnEwcR5an0ev9bAMYmP9xyxZ9vVd1jJml/OoGR8NwO6FNgYP3IFujhAjJ4kkUUZqJA/VASIH4cUHhIkF6IPqy/VVEEOHVhwKvpumEOkBJ/Xb43MJOuVOrRTu6iyib2ZMm/q3yfmtOtQZ/QCk29EpNy7CprU5fwSuDOnorHQLYmhG8C5SE3JWHeFabfcyQ7ae69WeGSZPE9h8nJgy+JMHHS5RNjUqiPuz3SfF30pNZHNBYCv1+10DBkqjVO+TFp56oRUrn1CZfxylb4Qu5HnqwnZyC22VpIUfcv2STYWgQdRDUkgKD5OHHzHOjA8IYdSFNQXqkjNnzSYT0VfPUQj8dJrus8xi1uPKTFrNAKeCq7GCHkBgy2q1AzpRYKsJLiOHiVPu+8sdf226JWVXnOGvXmySof0kjC4Uddza2iX/+N08W2LySRohKjyTId3veddqmtnVgcpuuVDs+LZgWzsNddS9jSEspr0Qnu/+NJvuF3jXhrwLC9ZqjTNsk/M/n5pkhIyqByXBZg57MIqvGuUP2ndqm39XFLzPKbxPQ6FUfvle4mZC0KhPqLHQbWxJSz8QjGNDI/q+cX0TRX/NpW6dkYCBh/YwSiWuhliTCF56xyLN02DitBZqJSAlCWa49sUZYOXJ7NpqgD0q9dVWr9Iy7OLXwNQNGkISzsS/8ICViLMWvVS7cSJfts3G3v71RJx/HifPD3/VvY7pZTCD5hF/W7RsI6dZEWclUMRJyOL97n2IjVHWnnH7O8O553N9BnR/xR5ywd+eR+CQv3+z5Oe/W8+LBu0jp2PyPsv4sKhFoX9R2/zPZ8+/k/E/brN5DfJ2GPZwOUu/GfZ4j5kxY5jQfv8S02/GKH1hnqPgpiAPF07dtWYfcNhNw48LlZaUuKkL+kEk1tmfto6Fsgy+6ja/NkuHEJ/gptEi0lwoDE0kuJP//fpP1D8wbXlGyRaV9vB3NbyHGJqxhMK/LMgftxN81N7SvUORyuH6N3/VH5G8Mzmyao1FNypZCm7rP9DjZvlfI1S54xxYQOmRcYsaPdscCCJ7AqowKfI40wSzZib3wjfYiWUUi+s/gxi3GJoACo6WUPoBq/iTR2f7d/v4ZEndxNizZBmCVIaiG0/aGpTgaKBMYjCkv+Ms6lwi+lPg2P7BiHyE7DnqTSgbyY8QJgEkwdshtlzwITEVFrNEijjwipkz0GgNBfe0xC9f2Ggitt5ztSiXGfoWqMeeIvgzZ/+fu7oWahQh43Y0b6DTCUkAZakhnbn8mwf3bBiMk5g+QdqA6uqvLlcpC1Z8ka0hVmfm8mZ4Rx+Vm+syZkubiuN+Q25qa1crekAwOowT8jkHBKdjHK8vbUxnmPY7Q5VjyhpA7Krlx83ilYUH2GGp0TQfe8797VQMVNNwnFwCYuiM0jqeJeOKSHADnJQV4mef1wtV/N6ie1kPdkyh/1k/S+teTuMkoGXLplminD9I5tJF4w7/Y2hHmsus6sRMXe2KM0iS9BYAyk2DTTToAW3yH06HX7xN+ZTKpsIu4MBtMXLnJca+J8CtmfB0ytLvOFCLUjHBloVLqdJB/lAA39e89SbH9mtaymOqiyozDUbCu3Dmv9oSrnvyyrIrs59+PR1mOsFGB7EiIPvaEXR5P3w4cvvdOb9dNjm/GJxKJxSz2XZy4as9qve1hJFqPRWF15rdp7fGLBWMp3EnAg0BSU6cSUXaozmOqyoKKogMd+mUPWlxM1uMKPTX526SltSkLTfrcRJ7jZAhyjF2VxA6ApHwkL2YImtIVPTumDbDztyVePfTyiX8cMClweB4NOjj/KnFf2thqnGShooQ33K00S2Bi2HxNCIvYaj/72I2/rIROlE0eVqcZyOvd/MIADlGDqBCoUXldrv4qwgBCzhUASagLCOXOtk7NNW/jPvP5LNCHPJ29TOHjJDu/GuC9gjVuly50OULWyADIhGNDS1LcfJcsgBHkWTZlrAJMH+UMuaeSF7FVn5V/frq5WkWdgzQBsakdnbTTj/OxGfYNWQi9gIo70J5hntHZGXt4KC5mrVmwhXWyj2dNcRjwZI3FpFvIXvUTz2zRw5+U3nbSkB/DDdqXa5pnK1U7GXbf5G7sAGvwcftYzI3mIe/DXz0ntKTaFCX7YaOTEpOgoyMYm/SIPSlHZQCtWXDrWiLI6B3/vxkzd9tmNcJxs9XZ6LP7YgGrKThzpzRJY/7ol2avDzKM0bjwcGOKAQ6jIPKb1/vpBUvKvOB6x91wkYgNlkWRF9FVQ3b5+/4uNssfXJLW5Uk1s87S1Q402YccOpkjQgD5hxp5bTFDX7lW9wt9VETbnh6XFlkCye0GdKqPk7AlVN7yN+a78JVZaTsRRr3cY1nbo9K8EhkIhbmMBJ2d76TrVEAg03UgP0iRKwfmrRy4STosjx2T38jEzPrczeDgb8Ctc1z3RdUrROaXneXXlNwZKguKme4TeLqq2ZZBc71v4NlCJxHLW84jt4u3Ug0W9lpU1lCY01XD+05/5T2N7prBlMQ9Tu3izw7oQ1NbqvD6RSpp5KqVylJbp9K5zoaGLoCSP0VKwYbGlccNS90mrzqAPK3UZHwCuXyO5Uj2c/XB5kql1aOIpMkenCJuWdbvwTsXZ/0r/PulOletwF7o+XIy2mBPIe6COa3tX95MlzF7gUohCDPNb2A4OzvADUttSDTq6kwUiDMcjJinVtoGmha2xJIOHxjJQz7ZJ+CI3YddsNqZoMdwC5KchsZzVqFy46mkz1wG6s4DGCEhboyjZbWR5b5+uqc5N7F6c6vWh0fFpESWKsXn+uAIK/T+13f0n7yHNI28SAWsfcLPJyyqpfvDtqutLc7AQklU/2eK9aV7IRMuGr89AZjSXYvn4n+6LmuqDqd3+5QM67h8V4PLlodVorWJY46vCAdFvNekmXNHVWwe9NbA4ZGdGusj/1HuU/nGTJWAREEQkYQU0kAUshNnTt3PaK9aCG2CEn7kt2GnZEMQRv808Fa3vmtEmkvEmklf3HPcFAoB3TtkAGuJgGTNGexSz6yJiTUZaUmV88DEdpqTxYKJqGBTpsBsnx3/iuNsGugtzomE1uzUX/LWNWXeUWhL/fWHdzcApH+KEDvHSuLAIi5PrlgZDneRy9/5nSmZ9Hk2ZkbNbnQmwTca2J0mBMi+onYShMZrEftSa0xZk1I9JdISk96SMCrfzhLx5whEfGpWlaUlIVHCTiyHjjVJoQvFZmkxHVnOPRPgyT3RmXHFSNEVkJXPETPtXriVplfevj/iv6QxLx8H3OyYmcgTSYeE4fI92t/F04uAy4nizZRtBrTi44w692uKHLBc2aookQDjQxGmcSXFaIqqAXy115eHZObzAATq8xjcw7LMe2bpbQY4ED1c8zeH2dp8AW+9K5a2XLAx2noVikzKLjKdTgN9+X0ASLhMYzQwaHpQxyFAdKMSSHvJx4LV/6uBErj4tXkDtk0IjK30efaGXoyb5O9PmqdVtPHFjQdYJ/Act90WFMfZ71sWM9mGpbIHhqzDAH0+6e7dIYSP++DppXA7cQp1pnhGSd89xMdrfrmRLBd38tCY0uqQ7MRJTmAZVlAgJRGxxLghIk9RqpHg0wyIPM8kTDANs7XWpxfNPXDWk+XNcp9d1t5EGjJrQ/gVc8xaPlghvv1+326QnBUGLv2KESQdHnRcdcbr3LlfjLqSBAtTcv6+PCduqBYKuDuclPJQhrmITWnfTxfppudwxobFnqCqhON77dO1zL8I9SOKXNZI96uNNfWK68tYRyXhjqAhrkCRmES+464gom4f5gHmBJ2CsLeB/qYxsk67xG91bESup53Cay8+rDjJvSGv4mRZqlAmu328xELJCGBUviHfYMINK8VzTxj5GZY1SSMAAKQUxojb7AA8nRjWMzpC2WH0i9c4LjwpdhhoHSWG0LR6oIe0ul9Ios7zNTr+jJUM0hEsa3tZ1/mCCkfsMmy99z1u3pGFhJ6JG0h6gqeuaoqSu7mLhLJZ0qHtaaMnrysWzuvkuvAO5ghlFNg8E+BoRap63dpPddhzET94QbOpja+AbTvvad5F/hw0+MSkH1gb/TF7Kz/I86z4xmG23GUhDQBZMDNXD08Jh7H3hxK1Ak221Ek6jhDq9SDxMOwKBYbCqzHkozAHrsnDzRMnNCAc3hDZq55jgkauCpttbQRRAHz9zjWiMEEUj2NJFRg8Jzf9V5oQLeGF/5S0VudWpL+N0FTimsiS1DYcS1GVlGsQZYQ0b7b9XwDg7JHDpU5UkruCdHiGxN00PKZX59tGYkOgSkJH9eyfX45wWSIz+UCpoobI8MhFJyfLYp2d6wNtfnRrVe8t5PCTFxKQl/oSW8dQS5uXmz96EfxlB7SPDNpwlK2HnZJctoiH6tnMXA9sah1ib3hKgTMLfgzo3jlQXPR1Q4ks06cWfuTdqlx09YABGWSm23z+vL7PZZNlrJHRgr5kMGHotanac7QlrCaU89qEQk+DG6biWqpJcBAtlqKcHTT6gjedRBWGA5z4noDiuTq55SXKr4fFPvWNIHzxJBwC19xiovKnJbvL9SoAn8rqJUTALNc+ZacNWO5zpzyDqprS/ONqeRGC7qDd/cEPIBCi1+WBsVNKzhvjVio0Seqta+ZarCjIUeVEL56tDnd8zsQNpRAAnoY7U+zMgmUhaDDXxIZCCVuoNrcMFJRCQhzY1ABvxAcLMucZ9AdyiKPoa1ofmiJRmGT5jTZrimejPtmn9OFtWm6rTwnYP9YzMfMcRBq8qLbjChi7tfYxRz/5ljv+8Q5FF9XZu8exa068YkQ57IcNpZUU4arIGB/yWMrmrNnnApVOLjPacfMeQBv/b+PDdFNHx9rHFDGJgy8sv6k1UWAezXnobHkj8oOt/Z1WfpXKnHza5BatNnk9SFT+1Z43jJb69pAR7wuq2d0WY2JpM2bb2ELTRClgevs/bdvMMxqYTQIw7kmcLnHXAQLOetS7/cCMOW2rzh+Ywk3jHrmRz8f9OE52YrKknoEA26Ncs8fpiJWISIsVdDSLA87SsINNddubUUABLBFAIAYAI7bvGQE3NDYtqa11muUPiwBJ7xhA7m+YDMSwa+A9FYy2Z+V+S68+fpkhU5FxX0iWXgdyW545fU56WGQVAKCssQhRObAPSJWaDHTmiotst/9BV0PCtlB+FVFHHxrouy+rtQJj8IY/Z3Ok1wSToUnHPUJA+ImtNuy6jyVTssgsIorFprPVj+pkhMvIjcXPnk8pN40q/EDr5gzvx3UIPeLGKInP/o11fPyyIsBY6g03g1lIEg/kt6IlpBqrgx5vnJ/tlffcg4nVUXezkU2dzcd/ASCt7sCEvFjGbINKIipZHdSKMJOuWDoxeTsrXSivFMnjVoMZZvqhMMdrOAx4VgQRp78qEDrQgvgoP24KWONbv29foWK5BjCVj6WpZnwRJQwicMav2iwPgkJ5GOh0n0L0JZKWVkLIVQm8ovVjxgh14TjobMTQnDeaE3rHaTtGZz8/Ylf+gvahTUFEHZr6VtUCov8p2sTphmQ2QFUITg2fbEl7qvy8zDkpOWjaAzbFYnXxOOF1X4sNbdu3bzr9DojzTKI1q9CkDQorrhB0rX/UE0T/+U2g8qI07gq1+6JjA+OP9kmuqxzHRl+waX67y5Zit948crxKpaN2Z2yk+FadCvoL+1pdE7nQdLEs3l8+6kNyKhMhxxyggmQ3A8voznwYjQkupwlKTsd4zqAgZ/OjjGoAQwfdJdRNPYNkjvMAA4msxVaAabpCpUSm6xJDiFLaKdg26HtrYTxO4zR77xIlt6G4oL5jcVhs7YBeI4D81caAkIodY1Djj5n4WXLH2UQcjMCKhq0nwqJUAhdD8KZafFUNJmFwFeIseS3mmBnlAzgd9QY3yP6S+GYtWUN1BrBuOwvFnmWL6mLJ7QHmMyBwylU/8Nmobzq6nnA/XLsAaVAnDE0Sldl4Rm2HfI5U20fNHRP0eW9cO1UlbnatJzMN84xQSBpxy7qwyvp3YP+H4vv1JGSNUmNsMgKZyoVhHNnJgijORgsvOEVO07ZHi9vmS4F0ENOv9UT4OLSVMetzRGFiKo44RCc+1TYx0MlMKDLte4oUbR9RwylNliixR0DHHsCUXSD4wVfzkyIUwq5AQ4Hq5l+yPlj1eR8mievXwygkwA/tfC79JdD2zKlPxwqyY9M+icujt5YWpTBr3iWZVYhbyaYiP/vLGIz8R4vvYfAOvYj9JoydHt3CfE8yRKb2S1sdKvfyTkO/aWzGte+Tkc0qbEgoFzuSRmZoe9+YOfuJNvNatPUhDbncCpdnP5E54n6LplOTxAgAAHPbuoQxsBDG8fvAoNoA+e3Rqnce3C7sen7z+f//wLzVPBi6dh8ldPSWdURHr/ZccKTW7FXAIGZ7aeipo9KGiIPwq85qFQOP4M5DUl9XWdJEveNv9AeQ5eUjYY1rda0JgUK9PRlpspSibVwvtgjR6clC+jW4svYg+RQoZq/+BogR8hjV2jKCgr6EbgE5ynSnTTVe0BM8PDHj5tAOQYifixek2opNGdOiVxe2Wb29JAWQSuwhJS0HwKd3Mm9BcUPJD89DrPDOq9aLJoL6l3FxBireBUUGVcGRdWsb7Z3eSn1qcGf91kc4dgb5LlAHn1QUvI8sq5uZn9WVSf6FPbjKopBtQpR2MYQClaYc/WpmYaKamMQmNm6zXqHjwCqGpTfasJiONYInPU8/G9dsz4Su0M7ezYVUnB9yInkSpRqn3cKzUy1NpzKVMnH5NJzdsThvjse1PpktQcZBgL+ppNx3VbNgg/JWgnlDJCUbSk4FiCLb3I7PFtiAEAxEM+AddmOBsqCYAIRUrOlwAfM8IKNXZz4jvjxb/C+GYDX+HHcKwqMcE5orDEkrmmkry1m2ErpHuCdTVEh4kgaU/id/Tor/ekRQi7BdFLDIhQAwzN1jGhfzXniTo6zpNss9WZYas4/+yhnBFXv3xKnvd4520+rzFBFBIpAWafjnrGngzFZYPdVuFvObmFY/AyZRzovGzCS9lNw2gu7e6WOxvl8NNzcqNX7Z1CJwAUeVBWW9TtyfoAH2wwIsTLcrLxTply5ShApXbHSLLH9prW0Q4FppAklBYpBeP9XN38OBCpQ8QagxsgX4eHT8QyE4MllBNx8+Yb3nUvglmXxvAjkTJjWUO3AJu5S7NnAaSk5+NvjOWABhWggnnmjdQs4Amy/llCHvlUFnae//fohX2zqPv42alQL0PZD7KbmYl4DiFcMVVjbXoshNblC2JTbHAkUqyRHudHn9wXr+Al9+LP6+/MGez8zXqEStzeDTu6qYJxtAB7TU8oyiz55j3JAK4TC0L2gkwIBsMsEUMpvezP5hUEK219EpsUMBjws9hRGQZwxevpm5Mq2RFDlENrzmtOH4ajYdRAu4oK0SUJx0qWco+A6WGnfxFfvbpYtxSBOMJx4p4gW+8OcB5TBz0baiGRsLpHa03YhFTi1rf/WVdEEJAOkd4e+9GriFdxy6Hhm2HgfdXkqcV4uYlhlKDLMdZuABxcTMtgSvx2JVsv3dlohGKTTVpTK8F+preBlewIuFV2FkkagUwUCAl5uD8PELwf5yNfX53G8lZFf5ojGr5jcsH4bUsf1Hw6bThjXMGkNTm4UmpoJ/vPzYlXeeMHMI4uyqrbv8gjgvC918c4Ce+uffxVEGK8mF8UcYcuumu959Ua60AUXXIK8ObwV0SjhuQKkXCRonWl5g/TDoEDJAvPTAS/TzDjkH4M2kaSgalQtjwgwhVAhmRoRn2cNupcqfa9UVKm1JUR/hfKuoCego7/VbuuernpUQARRC/jefgOynE0ijNQ6/lMmLsMY+61Mkuwsyl/pyoOCjePSk8lHPLvuYdZSPQA3mmyQZpjMTn04xHKdHeeQxCkFHDcRfqcAVdYNeQxWI1mKE7fsmi4H4T05Erg5KrGAjOdHYx44u1+mHdMptUm7dwQWHHuN7H85OvvyGTJaH75V9BtvFgWfS4+GIWpPytuPNZBomvgAhX1PqKgqumu4rMeE6BnsYNAKotJBrAWloQOxUJkcy3Llp8EzmwoD2TR6XXs4ItAw9C2t8ulxJ/zFJkbv++5qhie6VhVB5NwOYIDE4K5zi8bj4HhcTSkrifag/tTIbFo9r2UE0jp8IE3TT4rIh0Y86GgqyXDkIgaSExGMBZ/MM2XBPzKBVJlP9HSy3qbE8x48jSP0qPT37VmXeQ3TCggBhW9ms3pjmbMenVot6Q0GAqnZ0HRZBDHvXMxglfH/mXP4JXxdQ6dVtm4UcivjGTgp5yLksa063y8wbDDpoiHVUTdHZSi9sL6dgtffU4QRT0aS4fId1UTza83c7Bo8q6c1LpR9ouISBZQtA16ksyaPSTU87rp2y0CMmn5gxdv9HoXDW1ZvS8P8D8Tdoxkim5HroY+7QRHjo0gZ7Loe9NwFa77NqsAeWjBVmiwvVPgUQEUUOMxK1kC8hCjN1LVNijydlCvkMrqs8aoAtWRu96/K5V85fA1o7CMDdxUJgLJxw0K3KDdQgpDF3w9zFw58NWPaWSEMikOwwbiwIvjDqI0bJgTZHnbjr3eiCr9OKYML3/GVtEgl1tSssBEmmEx5MWCYXffVIwgdmE38iXycPrH6IgVvQrhjvNjD/p8hyNIxb5T03Dai/GAYvwRxDq3yzctJxZghPuvmcci6Xv1BgpNS0qxXWYLiDGtJcmQBV5euwiD1FQnRrso0XSywMx04UBY1h7PK/VjfbnDXXMvGdvi/m+GDYo0uF6XHEyi+binP3/1/ihusa33hY7dUjVpJKsrfhPpDrYVAxg3/taoP6OyjQZUE3cP0b3xXuEqBorK8R/VUzO0J8LJAN8oIiq6QlEf8XONSh0ELfPuCdlXwCDlwDKk3FobqZKKM6qoq6btzu3awTsjWUD/Hk9DcYFjxzXpgQCflSU2GCHwBESM+AwOpzPvYpwAAAAAAAAAAAAAAAAAAAAAAAAAAAAAAAAAAAAAAAAAAAAAAAA=', 8);
INSERT INTO `product_image` (`iid`, `file`, `pid`) VALUES
(2, 'data:image/jpeg;base64,/9j/4AAQSkZJRgABAQAAAQABAAD/2wBDAAUDBAQEAwUEBAQFBQUGBwwIBwcHBw8LCwkMEQ8SEhEPERETFhwXExQaFRERGCEYGh0dHx8fExciJCIeJBweHx7/2wBDAQUFBQcGBw4ICA4eFBEUHh4eHh4eHh4eHh4eHh4eHh4eHh4eHh4eHh4eHh4eHh4eHh4eHh4eHh4eHh4eHh4eHh7/wAARCAJYAZADASIAAhEBAxEB/8QAHQABAAAHAQEAAAAAAAAAAAAAAAECAwQFBggHCf/EAFsQAAEDAgIDCAoJEAgGAwEAAAEAAgMEBQYREiExBzZBUWFxdIETFCIykaGxsrPRFjM1QlJyksHSCBUjNENTVFVWYnN1gpOUoiQlRGODo8LwFyZFZIThRmXx0//EABsBAQACAwEBAAAAAAAAAAAAAAABAgMEBQYH/8QANREAAgECAwYEBAYDAQEBAAAAAAECAxEEEjEFEyEyQVEUUmGhBjNCkRUiI4Gx0XHB8OFDU//aAAwDAQACEQMRAD8A7LREQBERAEREAREQBERAEREAREQBERAEREAREQBERAEREAREQBERAEREAREQBERAEREAREQBERAEREAREQBERAEREAREQBERAEREAREQBERAEREAREQBERAEREAREQBERAEREAREQBERAEREAREQBERAEREAREQBERAEREAREQBERAEREAREQBERAEREAREQBERAEREAREQBERAEREAREQBERAEREAREQBERAEREAREQBERAEREAREQBERAEREAREQBERAEREAREQBERAEREAREQBERAEREAREQBERAEREAREQBERAEREAREQBERAEREAREQBERAEREAREQBERAEREAREQBERAEREAREQBERAEREAREQBERAEREARF5/jXGlY65Pw9hVrZa5p0amrLdJlOeFrRsc/n1N4czqUxi5OyBtmIMRWSwQCa8XKno2u7wPd3T/AIrR3TuoLTKrdWpZHaNnsF0r9ep8gbTsPNpEu/lWEt2F6OCodX3N8tzuMmuSaV5cSeIuOs8w1BZyBpibowsjgblsjaG/+1nVOK1JsWzsfYvn7qnwnTRjg06qR3kYFJ7M8ekasOW0ftzepX5Eh1ulef2j61AMd98d4T61NodibIsfZnj78nLb8ub1J7M8ffk5bflzepX2g74bvCfWmg7747wn1paHYWRY+zPH35OW35c3qT2Z4+/Jy2/Km9Sv9F33x3hPrTRd98d4T60tDsLIsPZnj78nLb8ub1J7M8ffk5bflzepX2i7747wn1pou++O8J9aWh2FkWPszx9+Ttt+VN6lD2aY+A3u235c3qV8Wu++O8J9at53FuyR3hPrRKHYWRbOxxjwf/HbZ8ub1LF3XdWxTbHNZW2izxyP72Pssxe7maBmfArC43SsuNRPS2mpbTUtOCau4yOyZEB32iSctXC46gvF8absuGsOVEtHhKkjutafbbpXBz2vPGxhILx+c8gHgBUuNNK7RB7rQbqeO685UuFKAt43vmB8ABKyjMdY7Dc57FZojxOmlHlAXFl23YbzdHEXXFNc6P7zTyOZGOQNi0WjxrCS45sTjnJ25MeNzCfOcsWeHlB3gMe4vy122wg9Kf61H2e4u/F1h/in+tcFjHGHOGlqD/gt9aiMc4b/AAOo/ct9ajPDyg7y9nuLvxdYf4p/rUfZ7i38XWL+Kf61wcMdYZ/AZ/3LfWojHeGMtdBP+5b61OePlB3h7PcW/i6xfxT/AFp7PcXfi6xfxT/WuERjvC34vn/cj6SDHmFR/wBOn/dD6SjPDyg7t9n2LfxdYv4p/rUfZ7i78XWL+Kf61wl7PcK/i2f9yPpJ7PcKfiyf90PpJnh5Qd2ez3Fv4usX8U/1p7PcXfi6w/xT/WuE/Z7hP8WT/uh9JPZ7hTP3Mn/dD6SZ4eUHdvs9xb+LrF/FP9ah7PsXfi2xfxT/AFrhP2eYU4bZOf8ABH0k9nmFPxZN+6H0kzw8oO7fZ7i38XWL+Kf609nuLfxdYv4p/rXCXs9wr+LZv3Q+kns9wt+LZ/3I+kpzw8oO7PZ7i78W2L+Kf61H2e4t/F1i/in+tcIezzC3Bbp/3I+koHHeGPwCf9y36SZ4eUHeHs9xd+LrF/FP9ah7PcXfi2w/xT/WuD/Z1hnL7Rn/AHLfWoHHWGjsop/3LfWozw8oO8Rj3F34usR5ql/rVaDHmLxrfhy3VA4ew1cgPmlcD+zjDf4JUfuW+tTRY5sIP2MVsJ4HNaW5fJcmeHlB9AKfdSbA/QvWG7pQ/nxaNQ0dQ0XfylbhhzEtjxDE6Sz3KCr0O/Y05SM+Mw5Ob1hfOiz7sF7tbmi1Yrr+xD+z1TzLGeTQlDh4wvUMBbs+Hb/XQRYlibYbozLsN3oHOYxp43tzLmD85pczjARKEtOBB26i88wVjWqjq6ey4mkie+oy7RuUeXYqrMdyHZag48BHcu4Mjt9DVJRcXZgIiKAEREAREQBEQ7EBpu6jiKe022G2215bc7i4xwuadcTB38nOMwBynkWEwzZoLPbBE1uRAHZncLnEZ6Oe3lJ9ax7p/r1uk3a4yZyQW53asAOsfY9vhkJ8AWz1cZEsVE06TmAaR+E86yfCtiKyxt3LLgi2Y1z83agAOYAfMFamaWYHtSMOZnl2V50WdR4eoKNbPE9sulm6igcGFrNtTLwNHJn4fJ4lu4bv9LgutksVkp4LnfoxozEn+j0Z+Bqy03Dh2AeJOCV2D2x8FWxulLV6A/NhPzn5lJA6OVxY26EuG0BjdXjXCtx3eN1KtqTN7JJKUE5hlPEyNo6gPnWzYJ+qOxBS1sVPjekhvVCXAOqWMEVVD+c2RuWfMVCqRYujs5lI8jPtx5HxQphSP/Cn/JC1bC2JaSuttDcqCvFwtNe0OpanY7PhY8cDhwrcIXh7ARsKl3RJQ7Vf+Eu+QFHtedoJbKx/I5uXjVyirmZFy1jIc7sUrexSnvc+9dzFHNcxxa4ZEK4kY2Zjo3jMFU4S6SN9NKc5om6THfDZ6x/vYrJ3BazP0QSdi1TEtXUVNTBZaBzm1NYcnubtjjzyJHKSdEda2Cuk0Qcto8q8txhfZ7ThDE2JaN39Onc222w8T3uMTCOb7I7qCtFW4sHlH1Q26FF2lUYascojw9bJRTPMZ1XGqbtBPDEwjZwkZn3uXM9TUTVEr5JpHPc45knhK3LdgeylvVLh+BxMFsgaw6++kdre48uxYbCNsZU1HbFQ3SjYcmsI1OPKpwuGqY2uqcNX7GKpNQi5MpWTDV1uuToIWsiOySV2iDzcJ6lttBuVVtSwF92pozxNhe71LZ7LHrblybFuNrjAGwcC97h/hbBQh+peT/zb+DjVNoVW/wAvA84ZuL1Dhn9f4f4V3rVQbidRw4hh/hHfSXrUWoalVBA5epXfw7s/ye7/ALMax9fv7HOu6JgOrwhHSzSVsVZBUkta9jCwtcBnkQeQ7c1py6H3aLNPeMFOkpml81DKKjQbtczItflzAg9RXPC8XtvAxweKcKatFpNHWwdZ1ad5ahERcg2gosa57g1oJJ1AKCiCQcwgLkUFSfeeNPrfU/AHhUnbVR99cnbVR99cgJzb6r73w5bVbsYXP0Msjyqr23UffXKkxxY4OadYQF7cLXVUUYfPG5meQ7oZcAPkc3wqwV5V3GpqYGwyPcWN1gFxPPtOrYPArNTK1+BCvbiERAoJNx3O8CVmMGVcsVXFRwUpa1z3sLy5zsyAAOQbVtB3F6gf9fh/hXetbduJWWe0YK7PVNcyW4S9sBpGsMy0WZ84zPMQtxkC95szYGFqYWE60PzNX1f/AGhxcRjakajUHwR46/cbqGjP6/Q/wrvWsdW7llXA06F2p5CPhQvb617XK3uTmsLcmajkugvhzZ7+j3ZhW0K/f2PA71hm62oOdNCJIhtkidpAc/COsLGUdVPSTsmheWvYdIc69nuzDkdWfOvMMV2xlPN2zA3RY85OaNgPGF53bXw8sJB1qDbitU+h0cJjHV/LJcTof6nfH8VTQUuFb3KH2K5Sdr0j5He59WdkefBE85ZfBJBG0rsDcvv1TX0dRZbpI59zthDHvf300Rz0JDy6i13KOVfNTcbkbVXerw/M8tjuEPcEHvJW62uHKu2NynE09W3COJ6h2jUVY+td04M5NLsbif8AEbG79orzUfzRa7HQ1OhUQbEWIgIiIAiIgCknkbFC+R3esBcerX8ynWPxG4ssFwe3a2llI+Q5AeV7kcZqLaypk1vqqlsjzx5udIVtlXKWNuFbwxRuLefYPKta3HR/y9buduf7pZ+4HKzXIfCLR/OtmfMWNJ3WL4/CG5tcL5FkJrbQF1P0mXJrXdWnmvno6aarq5KiaR0s87y573HMkk7T5etd/fVL2qa67jWJ6SlaXzRQNqGtG0hmi4+JrvAvn3RStbI3SOQByJ4uBY5u9iGZBtFM6JsjIJXsc8RaYadHTOZDc9mZy2K1qojGS1zS0g5OadoKzvbTjR0dI9ucEFQJiWOyLh5M+VYrENX2zXT1DwGvnkLy0cGZWWrTpRinFmCnOTfFHuv1HWJKiT6/YJnlc6B9Oa6iBPtcses5c4y8C6vwhW9uWuJ+e1oPiXFv1HtLKd0O53kg9rW21VEkruDWzRaOsldibncL4rLC14OYY0HqAVYcaZsLQ2WuqoKGgnrqpxbBC3N2QzJ15AAcJJICxdhxJR3apdTshlgkGxsmWvwHJZO40kNwt01BUh3YZmgHRORBBzBB4wQCsTh/DNNaaw1PbD53jLRLmgeRVIM2c2nlCpVJ7FNDUD7nK0Hla7UR5VVcczmqF01UMhHEw/zKY6kowWJpO1mVLs/aw4+AE/MvH8aN0rBga2u72e4PrJRx9ih0h/M8lerboBLaK5HPL7DJ5hXlmMdddghg2Noa5w+QwK0uRkHIO6PKZ8c3aQnMmoI8AyWawtEGU0TQPejPnWvY414xu3Sn+VbRhwfY4+YL0HwrFOvN+ho41/kN3sjB3Oe3UtuoW5MBC1Wye9z5FttDqYF9Fa4HAepctJCmDuNRDQoaOS12QTxuLXZhaJijcrsN3qX1dDNLa5pNbmxsDoieMNOWXUcuRbw3MKpGPAtPFYSjioZa0boy0qs6bvB2PJG7ibz/APIm/wAGfpKH/BOT8om/wZ+kvYGjNMsguX+A4Dye7NpY2t3PH/8AgpJ+ULf4Q/SUBuKv/KFv8GfpL2DLjUMhnsVfwLA+T3f9k+NrdzyD/grJ+ULf4Q/SUf8AgpL+UTf4M/SXr2Q4FHLUo/AsD5Pdk+NrdzyAbikme+Fv8GfpJ/wUk/KJv8GfpL18BBkn4FgfJ7v+x42t3PIf+Ccn5RM/gz9JP+CUn5Rs/gz9JevgDPJRDVZbCwHk92R42t3PH/8Agm/hxE3l/oZ+ks/hbcqsNoqY6uvmkukzCC1kjA2IHjLQTpdZy5CvQdHUpS3hWajsXA05ZlT4+t2Y54ytJWcg5+ZzKpOcjswFT2ldqJqFNxdr155ni2cixtazuTt8CymjmFZVgGgdSyxINUu8fck5LQsTRh9NMzLa1eg3ggNOS0G/nuZOb5itTaMU6Ek+xt4XhJGE3MZjBj20SA/dwPCCuvsESOgwxiylYcjQXZtXF+bpxtl85i453P8AfraelM8q7DwkcmY8ZwGGjf19ryBfJKPMejR1rSytmp2TM717Q4dYz+dVFjcLOL8OW1x2mkhJ+Q1ZJYyAiIgCIiAKxxAWtsVc5+toppCdWerQcr5Y3FG9y5dEm8xyIHne5hJHPR0E9ONGAtAAyy19j4uZZisGdprR+fH55WB3G97tty/N9CtgqPcyt+PH55W1LmLMlu9OJIpHGLszSCyWI/dGHaP98ZHCuEt33cZumELpUX7DtPLX4ZqZC6OSJpc6mJOuOQbQRszO3nXfTvfn84rFVtrjme+aCV9NK8ZPLMi144nNILXDnVOElZg+XTKmeIFgdKwfB1rJ4TwziDF14itdgttTXVUzgMmMJA5SdgHKV33c9zDDtXVGoq8I4Xq5c8zJ2i+Ik8ZDHaKy9swu6ipDQ0EVFaaN2p8NupxAHDic4d0fCFCprqxlPNNync8p8F4abhSkfHV3KqkZNfKuPWzSbrbTtPCAdbvWch7baKQUtKyMbQAqVotFLb4WxwRtaAOALKMaCQ3jV2+FkT6EODPg41JpszyLgOdRJdNUaDfa2nRS8UbYmgRA6xtWtKvGMsrLKm2rgq3uv2jJ8VnnKnaZnSxSxPJJiIyPIVUuvufL8VnnLYWqKaGtY7cxrK5zxmwMcXas9WiV5puhSwTYgwbJTt0Yzb6/IaOj71vAvRt0D7RuI/uZPMK8vxd7q4KH/wBdXea1TNfpi5x1jffhdulSeUra8Oe1x8w8i1THG/C7dKk8pW2Yd9oj+KF6L4T+dP8Awjn4/kRu9nOWiFttAe5AWnWo5EdS2q3PGiMyvofQ4L1Ms3gUCBwqETtWpTZ6lhZBLw5FTMKkdmogrE0Sis0qOepUgdWSiHFYrF0T5hQzCp6RzQELG0WuVMwmapaXEoB2rNCSsCFHNUNJoUQ4ZoQV27FEEcCoh3Eoh6tFEFbSGSg4g8CpaXCoF+epZIlWQeQqQyUzjmVTBAzIGRO1ZYlSfUsdcH5NKu3ydysVcH5tKyxINbvEhycFpN81xv5luNz16S02+6o383rWptB/pS/wbmF5ka9gDfraelM8q7MwFLBDX44fUN0oxT0JI0dL7jJwLjPAG/S09KZ5V2FhbLTx30ai9BIvklLnR6JHVWGS12Hre5gyaaWIgZZatBqyCxmEt7Fr6HD6NqyaxkBERAEREAWNxRvbuXRJvMcsksbije5cuiTeY5EDzTcb3u279n0S2GpP9V1vx4/PK17cb3u239n0K2Cs1WevdxOj88ralzFi8f7/AOMsbc7lSW+hkra6sgo6SNub5pnhrQOPMkDw9WapYqucNupJHzziCBjJJ6mU/c4IxpPdz7GjlK4H3Zt0297pGJJnyTSU9lgeW0dE13cMaNjnDhcRtPUMgFRuyB1Red3zc1pal1OzE005ByL6ajdKzw6gepZrCO6HasT5uwzfLfenNGbqVpMFUByRv77qK4DEUYGWWZ4yqtFUVdvrIq23VUtLUwuD45I3FpaRsIy2KFJrVEKZ9KLLeqa4MIjcQ9p0XscCHNI2gg6weRZeM7HDkXPe4lugS47wu+61DmsxHZtCO5aIA7bhOpspA98NYJ5xsyy91stWKujZIMtYCs0rXWhb1MjTPjp6lzpPanu0gcth4QVNdq2k7CTGdI5agBwqnwKUMYHZ6IzWF0Yt3ZZTaVi0tUD4aeSWUZSTO0suIcCmu/2hL8VnnK5cSdZVpePc6X4rPOWZalFqanujCZ9BcGU5YJDG/vgSMtEk7OQFeZ4u13XBX6urvNavUsXEB1YTs7DN6J68sxZ7qYK/V1b5jFaXy2QceY4343bpUnlK23Df2tGfzQtSxxvwu3SpPKVtuFSXUkeYyIABBXofhN/rzXojQx3IjcLfqyWwUEncha/QbAsxSH3uvWOZfREuBwWbBA/No4FXDljqV/KryI6liaK3Kh1qAy4VEKZreBY2iUwDrUAVMAmisbRZMpnNFUyUobxLG0WuSBQ1qfQ4k0TxKuUm5KojhUQ08KiG8alIi5KNSA6lMGjJRyV1Ei5LnmocinAUpCukVuSFUychnkqqpOWVIi5QkdqIWKrT3JWSl1MyzKxlXrB5Vkiga9cBqK03EQ0YnnkPzrdrgNR1LSsRse8dijGb3kNaOMnUFo7SdqEn6G5hedGu7n+/W09KZ5V2Dhfv8d9FovQSLj/AIyxrac/wpnlXYGF/bMd9FovQSL5LR50eiR1RhLexa+hw+jasmsXhLexbOhw+jasosfcgIiIAiIgCx2J97lx6JL5jlkVjsT73Ll0SXzHIgeZ7je922/s+iWduJP1luIH5jj1PWC3G971t/Z9Cti7H2wyro+GeNzG/G2jxjxrZnzFjyj6qWpqKbcmxNUQOI7LT01OXD4D5dJ/h1Lhu3s0qcuAzOf8A7X0Ox1h+LGe59cLDK7QfXURpw4+8mZ3pPgaebNfPqqpK3D97q7Ndqd9NVU0pjljeMi1wKq+DVystDKssdBJAyWW50dI9jWu0KgOJlz26OiD4+Mcqxl4pY6O4dihz0HMa/LPPRzGxVJgJgx4lcdAZNyOrJWlbMNN80r9OQ6ySda2q1Wm4WSNWnGSfFnrP1HtTLHur1NG3PsFVbZ2TN4CGgEeNdd4Ec763tac8hqC5p+pGwvU0Fvu2N6yJ0fbUf1vtrXDIyOcc5HDkAG3nXU2GKPtWgjYRkcgtaHCBuLQzHAocCZpmqggditbz7nyDhPY2/wAyu263ZeNUa0CSamgPv5BK/kY3/ZVo6hGkbo7ZHUFwEMvYntY456OeoA5jrGYXnGLvdXBf6urvNavS8cO7JbbhIRrdDIf5XLzTF4/rXBX6urvNarT+WyDj3GuXsyu+f4TJ5SvR75bxaMZ11C1ujHJ2KqiH5k0TJBl1lw6l5vjbfjdulSeUr37dytBp6LCuKIW9w6lioKojj7GHxH0jfAuz8NVN3iHJ+nvc08XHNCxrtFsCydM46liKBwcxrhsIGSyUByA4di+nLQ880Zank2BZCJ2oBYaCT/eSyFO/VtUNFDJRqoDnqyPKrWJ/GqzHLHYgrtA2KbLUqbHDhVRpWNosmQ0U0QqjciP/AEoho4liaLIpaOfAoaIVbJAAqElAMyOeZUdEKro5DhKaOtSkQUw0KGiOJVCApVkSIJCFJkpiVIXcAJWRIrckdsVvIctuxVCfArdxz5FdIFCbyrH1RGsBXdRJqyWNncTqKyJEoxdfrBCwthohccc2iiIzaakSO1e9Yx7z5izVdqBV3uL243DHN1uBGcdttc5z4pJWmNviDyuXtZpYdrub2DX5rnj2AwBja0ZfhMa6/wAL+2Y76LRegkXH+Ad+to6SxdgYW7/HfRqL0Ei+T0edHoUdT4T3s2zocPo2rKLGYT3s2zocPo2rJrH3ICIiAIiIAsdije5cuiTeY5ZFYTHtfTWzBl3rqxzmwRUkmkWsLjraWjIDlIRA893G97tt/Z9Es84ls7nNORDs/GsFuOgjD9uB2ggeCLJZyT21/wAYranzMsUqppikkrIWuMMhDqhkffRvH3Ro4uMcp4CvMN2TcfwzujQNuE0gtt3a0NiuMDNKOUDYHjhy6iNmsal6oxzmODmkgjYQVQlgbpulpyaeV3fGPUHc7dh8CqraMHGNw+pox7TVDo6Ovs1ZDnqlFa2PVytcAQtpwH9TbS0tbFV4zvEdfoODhbrWS8vPE+UgNaObWunHQ1Ofd09JLylgafEqkRqoxk2kpxlxOKKMULGLsVhZEKYupYKSnpYhFSUcIyjp4xwDjJ4Tw823ZYwGtyAVm2es4aeL5ZU7Z6r7xF8tHxBdgqIDjwZcqtW1FV94i+WU7NVnhhi5Q3SPjSwLySSOnjD5M9exo7554h61ZzF8bJZJcu2JQA5o2RtGxvr8HGoxARuMmbnzHbI85u6uLqVGp1MKaA0vdAkqY8PVnajGyTuZoNa7PI6Wo7OQlaBjAAXbBYHBb67zWr0q+hryxjtYMrM8+teaYvP9a4KP/wBdXeYxWn8tkHHmNt+N26VJ5Su0Lth+HFG5sbDKQ11VQRCF5+5yiNjo3dTgOolcX42343bpUnlK7psPc2S3EbO1YvRtXR2LrP8Ab/ZrV+hy5h+oma2Skq4zDVUzzFNE7ax7SQ5vUQVnqeTVrzWb+qEw1JZMSwY1oYyaG5PbFXho1R1AHcvPI8D5TTxrWaGds0TZGOBBAOa+i7NxW/pWfMuDOLiaWSV1ozMRPV3BLlkDw5cCxkLlcRvIC6FzUsZqB4KuWHIbVhIZnBXkNTnqOpQVsZRrtiqNdnkVZwzsdlmrljw7VmqtEFZrxkpxIqIGSl1gLG4EplwJOJDJkM8s+ZW2kU0lXIiblx2TWE7IrbSPGoaRGQUqCFy401IXZKlpZa9ahpcCuokE5drzVJztag544wreScAZatu1WsQTveAcieVWk0+rVsVOWfPPJWr35hWRKRLK8narSU8KqvceRWsztSksjG3abscDnDgC9I3BrQaPc1ul7lZlLd3yyMJGswxsfGzwnsjl5VVUtXf79b8N23XV3CZsII94D3zjyNaC48y6amoqW14YNroWaFLSURhhbxMbE4DryGfOSvO7VrqdTdrpqdPDQyxzPqcR4B362jpLF2Bhbv8AHfRqL0Ei4/wDv1tHSWLsHCo0pMdZcNNQjwwyD5181o8yO2jqbCe9m2dDh9G1ZRYDc4uVLd8C2e40TnuglpIw0vYWnNo0TqPK0rPrHazZAREQBERAFr26PCJ8F3CFwBDxG0g8sjVsKwmOxnhWrHLH6RqtHmQRoG5F7h0Hxz5jlmpPbX/GKw25F7iUPxz5jlmZPbX858q2J8zLEERFUBERAEREAREQBUKrvCq6oVPeFAavevbY/wBKz515pi33UwV+rq3zGL0TFE7aOmNVIQGRva5x8PrXneL9V1wV+rq7zWK0/lkHHmNt+N26VJ5Su6LKcrHbuiw+jauF8bb8bt0qTyldxWd+Vkt/RYvRtXT2GvzT/b/ZrYjRF5drbb75Zquy3WAT0VZEYpWHVqPCDwEHIg8BAK5dvtmueAsUy4fuxMkDjp0VVo5NqIs8g4cR4COB2rhGfUUUmvarLGmEbRjnDjrNdQY3tOnSVTGjslPJllpDPaOAtOpw1HgI9DSqzw895D9/VGq4qosrOfaaUPYHNOavIn6lgMQWm/YBvv1kxHCQ12ZpatmZiqWD3zSfGDrbw8ZyFFVxTtaWuBOS9ThcVTxMM0GcurRlTdmZZhzyVZgKsopD1K6ilaVs2MBXY4jUFXincOFW4c07FEKMpBkYao5a1XZUZ7Vi25gZKYOIVbEWMkJRnryU2mMs1jWyOy4VESlrQBsHAoygvi8cak7KrQynNU9M5Z7QVKRJeOmy4VSdOrYuPKoAaW1LEE8k7iqBeXHjU5AG1UjIArEkCNWtU3kDNSyTjI5alavkJzRIkjK/VqWJu9cykpnSOIBAU1yuMNJC573gZBbNuPbm1XjOthxNiWndDhyJwfT07xka4jk+9cZ99sGrSK0cdjYYaHeT0RtYeg6j9DYvqdMHTU1FNjm8QltVcI9C3RuGuOnO2TkL8gB+aPzl6VePcysz+8yeY5ZmpIyya0NaBk0AZABYa7+5lZ+gk8xy8ym3dyfFnSfRI4cwBv1tHSWLsPCPt+Of0FB6J648wDv1tHSWLsLCH2xjnL7xQeievEUedHSR0juUwClwDbqZoAEXZWjLkletoWvbnG8+k+PN6V62FVlqyAiIqgIiIAsJjverV/Gi9I1ZtYTHW9ar+NF6RqtDmQRoG5FkLHQ/HPmFZqT2x3OVhtyPVY6H458xyzMntj+crYnzMsQREVQEREAREQBEUEBFUarvCquao1HeIDS8d00NVYK6CdunGYXEjMjWASNnKAtBxfruuCjx2+v81q3zdAlniw/WvpomyymPQawkgHS7ng5CStDxgMrtgocVvr/NarT+WyDjvG2/G7dKk8pXbVrflZaAf9rF6Nq4lxtvxu3SpPKV2nayfrLQdGi9G1dXYPNP9jVxOiMhDJm9ZahcsGxzWa3OAHKshR1LQRotc7xeVeilG64GopJMy97sdmxPY5LNiC3xV1FJkdF4yLHcDmuGtrhwOGvq1Ln3H24dirC75bjhB82IbSO67XAHbkLfijVKOVmvjauhqKokOWUbOt/qCytPUVA71kXynepaN6tGeem7MzflkrM4ht+IgHOinDo5Izova4EFp4iDrB5Dks3TXSGQDugOVdQ44wDhPGzS/EGH6aSsyybXQSmGpb/iNbmeZwcF4xif6m++0r3TYSv9PVQ8FPcSIpByCRgLD+01q6uH27OPCtH90a08FF8rNTirYzrDwriOqb8IFa5f8HbouGATeMJ3VkLds8EPbEPP2SIuHhyWuQ4njaS17y1wORB2g821daltbD1NGassHNHprKlvGFUbO08K88ixNDsM2XxgR5VdQ4khOyoYTyOC244qm+pheGkb62Zm1RMjDtIWksv7D91b4VO2+tI1SZ9ausRT7ldxI3EyMyzHhUpkGW1aiL5+cpXX4Aa3pv6fcKhI210o41SM+Q1Fai7EMezsrfCreXEAaM3FwHGWkDwqjxdJasssNNm4vqOVW0lUwDMvAWpUVzuF1qO17TRVdwmOoR00L5nHqYCt1sO5Duq35zXPsgssD8vst0lEBy4+xjSkPgC0qu2cLT1kZ4YKozE1Vzp4Rm54WPoqm7YguYtOHLZVXOud9yp4y4gcbuBo5XEBe5YT+pvsdI9tRi6+1V4lGs01LnSwcxOuVw62r1ux2azYetgttgtVJbaQfcqeIMa48buFx5XElcnEbenP8tJW9WbVPBRjzO54tub7hMNLNFet0CaG41bcnx2yJ2nTxn+8d90P5oyZx6S9hqHag0ANa0ANaBkANgV7LmSSTmVYVPCuZGUpyzSd2bNklZFhUHasTdvcys/QyeY5ZScrF3b3LrP0EnmOWwtDGzhzAO/W09JYuwsIfbGOT/cUHonrj3AG/W0dJYuwsID7Pjn9BQeievEUedHSR0xuc70KX483pXrYVr25zvQpfjzelethVJasgIiKAEREAWDx3vVq+eP0jVnFrO6nVGhwBdqwNc7sEbZMmjM6ntKtHVA0vci9xKH458xyzUntr+c+VYXci9waA/nnzCs1J7a/nK2J8zLEERFUBEUM0BFQUM0QEc1BEQBUajvCqyoVPeFEDV76A8sY4ZgyNBHhXm2L/dbBX6urvNYvSrwT2aMjb2VvzrzXFvutgof/AF1b5jFafyyDjzG2/G7dKk8pXXlNiC3wWmhi7OwyCmiBA4Psbdq5Dxvvxu3SpPKV0RhXc+oXWulnuDnVkssTHkykv2tB2HUNq7fw7BSdS/p/s1MVayubvBeKaU6TZC48YBKyVFWhxzY8HjyOa16k3OsPvILKNkTvhRF0bh1tIWVpsB3GnydacRVTCNkVawVcfhOjIOpxXprxhqaSV9DbLVXB2TSda2SkmDmjWF5kX4ms0g+u9glqYh/abS41Qy4zC7RmHVpraMI32gvkT3WqupqnsWXZWsfnJH8ePU9h+MAtauoWumXpt6G5xOGSrsJGsHI8hVjTaWiHGXMHhaBl4davItD4Tj+0uRUqRXQ2oxZcRSFh0mkB3GNRPWNax16w5hq/NLb5h+1XLPhqqOOU+Et0vGsgzsf53yiqjOx8bvlLVlVg9UZFBnnFy3B9ya4OLzhaOjf8KjqpoPEHEeJa5X/UvbndS4mmuWI6TiDKyOQD5cfzr20dj43eFTtDANTneJUWIUdG0WyNnPU31KGGzn2DF94jH95S07/nCtnfUm27PucdVoHLbIv/AOi6PAj+GfAEyZ8PxBWWMmvrf3I3Xoc5xfUn2ge243uTvi0ELfK8q/pfqVMHMINVifEUuW3sfa8efga5e/aLOB/iCdjb8PxJ4yT1m/uyN16Hjtv+pw3MaUAVEF4r8vwi5vAPVG1vlWzWjcl3MrTkaLBVnLm7HTwGd3hlc5by2MlgLnta4jWMs8utQMJy1PHgKb2D1ZOVmPpaGhooOwUVHDSxDVoQN7E3wMyClMLADol7M9ug9wz8avnQScBaetUHRSgE6BPMQVnhKmY3FroWbo3AdzPM39vPy5qi8VDe9mDvjxj5sldu25aweI6iqDxwrahGLMb4Fm+eRvtkJy4Sw6Xi2+VW8rmSM0mODhyK8lGSx1TGdIvjOjJx8fPxrPGlbiijbLOfhWLuvuZWfoJPMcso53ZGk5ZPGpwz2LFXbMW2sH9xJ5jlkWhVnD2AN+to6Sxdh4Q+2Mc/oKD0T1x5gHfraeksXYWEB9nx1+goPRPXh6POjpo6Y3ON59J8eb0r1sK1LccrDcNzW0V5aWmoZJJkRkRnI5baqy1ZAREVQEREAWNxRvcuQ2/0SbzHLJLHYn3uXLokvmORA8z3HN7lt6vQrOye2v8AjHyrBbjm9y29XoVnJfbX/GK2p8zLEM0zUEVQAUREARM1DNARUM1BEBHNUKn2s8yrKlP3hUoGpYlmbTwGd5Aax7SSev1rzvF+q64K/V1d5rFvuOqaKqsNbDMCWGFxOTiNYBI2coC0PGHutgr9XV/mtUz+WQcd43343bpUnlK7Awu5s1ioHsOYNPF5jVx/jYZ4xu3SpPKV1baLNiXA1vo4r7C6qtMkMToLnE0ljWuY1wbKNsbhnlpHuTltB1LtfDlWnCc4ydm7W9zUxUW43RvlriyyKzcb9AthjaDK4ZjPY0cZ/wB6/CsPaqmnFCKlhBjyBbo++J2ZceZPjWatkD2xF8hymkIc4jg4gOQDV/8Aq72LqZeBq0o3L+miawZuOm7VmXa//wA6lY37C1gv0jJ7nb431kXtVZG50VTF8SZhEjfCRyLJR7FVZsyXJc2bSRqotWM7KS+03iDENKP7NeD2KpA4m1Ubcnf4sZ+Mq9Nji1wTR0mJKWswxVvIDW3RgZDIf7uoaTC/5TTyLaY8xrG3kVR0Uc0D4JomSRSDKRjmgteOJzTqd1grDKSepdKxGPJ0bHtcC14BYc9Thxg7D1ZqqARqO3iWtMwNbaR7pcNVddhuRx0nNt0gFO4/nUzw6E9QaqrJMa2sAVNFa7/APf0snaNQR+jlLoXH4r2rVkk9GZEbE3PLXtU4zWvjGFmgeI7wytsUx97c6R9O0nkk7qJ3U9Z6hmp66AT0M8dVCdkkDxK3wsJCwSTWqLkwOSjmVMGjPLSYTxaQz8Cm7G4e9PgWMmxICUzKm0VBSiAXHbrKmDzxqXqUpBA2FZIgqh2fCoEq3EgJIDhnn8IZqEkgibpynsbPhP7keF2QWxFGNlWRrXDJwDhxFWVRTaObotY+CfmKt5cRWWJxYbnSyP8AgRSdkd4Iw4qBvHZRnS2m6zjgd2p2JvypXN8izwbjxRR2ZReATlkc+HVyqyqWHI6iriolu850oLTTxOH3+4M184jY7yqzMd9lbr+tcevIj+kPI81b9HELqYJQsYeumETw/Y4eMcSta90dRZ6t8Z1dgf1dw5ZWttVfURkTPoyeNjJW+UlaFil93wwyoqJYHVFqfE9s72AuMPcuAcQNejx6tW3jW9+WcG46ms24vjoci4B362npLF2Bhbv8edGovQSLj/AG/W0dJZ5V2BhUd3jzo1F6CReBo86OwjqfCQAwxawBl/Q4dQ/RtWUWMwnvYtnQ4fRtWTWPuQEREAREQBY3FG9u5dEm8xyySx2J97ly6JL5jkQPM9xze7bur0Kzkvtr+crB7jm9229XoVm5T9lf8Y+VbU+ZliCKGagqgjmigiAIiZhAEzUM0QDNU5u9VRU5u9UoGpYwH9T1v6B/muXnmLj/AFrgr9X13mtXouMPcet/QP8ANcvOcXe6mCv1dXeaxTP5bIOPMbb8bt0qTylfUuxQRS4XtAexpzoYAc+LsLM+pfLTG2/G7dJk8pX06rbwLDubUFxaxslQKGmjpYzskmfExrG82es8jStZO3EmOpp1/sNknxc6jslOLc2j7qrfTANY+Y6wNA9x3I2kAa3civI7XcoB9jmpqhv5zXRHxZtVTCtvfR25ple6WolPZJZXbXuJJLjykknrWw0sBJWSntHEx4KXD14mR4an2MBHFXg91bpXD+6ex/zgqo0yM9toa5nPSvPkzW1RQADWM+cKs1gGwAdS2I7TqvVIx+Hj0ZqbKulZ35lYfzoJB/pVRlzto21LBzteP9K2wOI2Fw/aPrTTd8J/yz61f8QvrH3IVG3U1ht1tQ76sh/m+ipmXe1Aaq6Lq0/orZuyO+E/5bvWnZH/AA5P3jvWsTxl/p9yyp+prQu9pDHMFXGGu2hokAPOA3I9awtXaMC1UxqH0NBHOTn2aCCSCT5cTWFb/pu+E/8AeO9ahpu+E/5bvWq+La0RO7PP20lBCMqLF19pmjYx1Y+oaOqaJ3lURJWQ+1YwpZB/3NojJ8LCzyLfy4/Dd8t3rUMzl37vln1p4uXYbtGhNuNzafd7Dz+V1JUM8jyoi6XLhvWGR+zU/O8Lezr9875R9agWg7dfWixb6xG79TRe3a6TU7EuHWfFgLvPmCiGyyd/i6nHR4aRnjLnFbs6CJwydGw87QfmVJ9von9/S07ueFh/0q0cZb6SHT9TT/rfTSDKa+3GqB4PrmGg9UeipY7FY2u0226llf8ADkZ2Z3heXLbJLLaJO+tlE7npoz/pVtJhiwv76zW8/wDjM+YLYjtGK1TKblmMiYYY9CFjo2cUbC0eBoAUuTs8+xuz4+xnPw5K6kwfYD/0mjHNGR5CrZ+ELGNluhHMZB/rV1tKj1T9v7IVCfoS6cuWR7Kf2HepW1SHsJmax2YHdNLSNIdY28XgVR2E7ENttjPO6T6aonCeG883WSgk2d/EX+cSrLa1FaJ+39jw032MTc8TYfoIw+ru9DDmMw19QwOP7Oeln1LWMRXTEmI7HW02C8J3G4NkgeDcKyE0tHGNB2btOXRL8hnqY058a9JwpBa7FiBtJBbqOnhrjlE+KnjYWTAahmGg90AeHvgONbldXE2a4EnM9qy90SSfa38J1rL+N3j+nD7/ANGLwjT/ADM+VmAd+to6Szyrr/Cvf476NRegkXIGAd+to6SxdgYW7/HnRqL0Ei41HnRnR1RhLexa+hw+jasmsZhLexbOhw+jasmsfcgIiIAiIgCx2J97ly6JL5jlkVjsT73Ll0SXzHIgeZ7jm9y29XoVm5fbn/GPlWE3G97lt/Z9Es1L7a/4xW1PmZYlRM1BVBFM1BEAREQBFDNQQEc1TmPclTqnN3pUoGq4v9x639BJ5rl53jD3VwV+rq7zGL0PF5/qet/QP80rzvF/urgr9XV3msUz+WyDjzG2/G7dJk8pX0UxA7t2qwfaNImGmtkdbIOAvdGyJngAkPWvnXjbfjdukyeUr6HQAtxVbRJ77D9AWcwY4HxrSnoZKPMbRSRgkDLUsrAwBoWPocs1k4tirAzNk4HhUQEB5QoZjjVyhFQUCVAuCAmzUM1Lp8ShpKLk2Jsznyc6hpKXNQz5UuCfS/3moaakzTNRcknD00+XxqnpJpc6XBVDuVRa7aqWeaiCiZBVDlHSVJpUwOSm4sTqUtB2qAfyqIOakgpSRDLYrCoiyJ2LKEZhWdU3UVRotFmtYhpnz0DuwuLJmEOjeNrXA5tPUQCtppLi27YJluTW6JnoZHPb8B/Y3h7epwcPAsPVxhzHNOwjJWuCJ3stGJ7Q7ZCx9TGPzZYnh387D8pKbs7Corq583cA79bR0li7Awr3+POjUXoJFx/gHfraeksXYGFe/wAedGovQSLZpc6NZHVGE97Fs6HD6NqyaxmE97Fs6HD6Nqyax9yAiIgCIiALHYo3uXLok3mOWRWOxPvcuXRJfMciB5nuOb3bb1ehWZm9uf8AGPlKw245vctv7PolmZvbn/GPlK2pcxYlRFDNRYEVDNM1BARzUETNAEUM0UgjmqUx7kqopJGufkxozcSAEBqmLQ51orQ0EnsEh1fFcvO8X5fXXBP6urvNYvYMWQMpsNXCNgBcaWTSdwnuHLx7Fvutgn9XV3msUSd4MhcTj3G2/G7dJk8pX0XxjS1FLh3DGLKdheygoYoa5rWkkU7oo3afMx4zPE1xPAV86Mbb8bt0mTylfU/Dp0cL2jhBoYMxx/YWLWy5lYmDs7muWm4U9XTsqKWVr2OAOo5rLw1TMtawVz3PaZtQ+swtcZLHM46TqcR9lpHHkjzBj/YIH5qx/YcdWw6FXZKe6Rj7pbqkOcf8OTRf4ysOWUehsqUWbmKhpHfBQ7OONadHiijilENxjqbZMcvsdbA+E587gAeorMwVLJ2h0UoeDrBB2pmJsjLdm5fGnZeVWMZJ4VXjaUFi4Dydii0kqRjSAqjQrFSIUepRDdSmDetTYi5IBnwJ1KoBlwBMksLlIhQ0VVLdShopYXKeWRUQNqn0VDRUWBBCctqKiTojIbAhJU0wp4yFadlyUBUgbFFybGQz1K1qcsiqXbg41QkqA5HIJFGYZhYO1P7XxNc2jZPZqkHnaA4ecVlaqoZHG58jg0AbSVi8IROuVViC96J7Up6Gajid8OQtc6TL4oa1p5SRwFVjxkhLlZ86cA79bR0li7Awt3+POjUXoJFx/gHfraOksXYGFe/x50ai9BItujzo1UdUYT3sWzocPo2rJrF4T3s2zocPo2rKLH3ICIiAIiIAsdife5ceiS+Y5ZFY7E+9y5dEl8xyIHme45vctvV6FZiU/Z5PjHyrD7jm9229XoVmJvbpPjHylbUuZliRE61DPiQEUzUEQDNEUMwgIopc0QEc1UoR/TGHizPgCpKemfoVTDwE5eFQ9COhjsbn+obj0aTzHLx3Fw/rXBP6urvNYvXsau/qK4dGk8xy8gxcP62wT+rq7zWKv/zZCOPcbb8bt0mTylfU7D+9e0dBg9CxfLHG2/G7dJk8pX1Ow/vXtGsfaMHD/csWGJMS7UczlkdY4jrCdY8KZc3hVixCQMkiMUrGvjO1jhm0/snMeJYWXC1q0jLQR/W2c7XUw0WOPLH3p6sudZlxI2Nc48gVN0ckg+yENb8EfPxqGSmYikhkETTLolw1Et2HgzHl61csZr1K+7XHGPCoCmHA4KmQvmRbNAyU7QFcClB4XHmBUe1WjbpdYKWsLluzW3MgA8W1TDLhVUxwt1ucBzuy+dSF9EM854Rzyt9ai67k2b6EEQT0A/tNP++b61MKiiOyop/3rfWmePdfcm0uxLkFDJVmugd3r43czwfnU7YmnY0kcmZUqz6lb9y2yUMlcmJo25jnUphadhzU5WMyLRytps+BZMw8CpvpwRrCq4slNGEneyNpdIQ0cZ2LGT3mhi1dna48jgfItpgt1EQHS08csoHdGRukQeTPUB1K8jZHGMo42MH5rQPIEVMbw0A3p8uqlt9bUHg7HTyO/wBKAYqqtVNYKiEHY+pcyEfzHPxL0IvcRkSTzklQBy2ZDmGSbpEb19jR6TBFwrniTEN1DYdppqEuGlyGU5H5AHOFts1NTUWGKuioqeOnpoKOVkcUbdFrQIn6gFdqjcvcS49Fl9G9XjFR0KuTep8rsA79bR0li6/wr3+POjUXoJFyBgHfraOksXYGFe/x50ai9BIr0edGNHVGEt7Fr6HD6NqyaxmEt7Fr6HD6Nqyax9yAiIgCIiALHYn3uXLokvmOWRWOxPvcuXRJfMciB5nuOb3Lb1ehWWmP2Z/xj5Vidxze9ber0Ky0vt0nxj5VtS5mWJUUM0zKAJmoIgCIiAIoZogGfIpJjq1bQplTm70oDGYulEuHK5/HTSZ8h0HLyfF+q7YJ/V1d5rF6NieUx2evbta6CTzHLzrF4/rXBP6urvNYqyVoMqupx5jbfjdukyeUr6OWGvvT8PW0C4zNaKSHIMDR9yZyL5x42343bpUnlK+l+GaQHDdrOW2jg9ExcXaSm4xytr/B1tkumpSzxT/yUG1V5B91KrrLfoqcVl5H/UpjztYf9KypozwN8SkNHyeJclRrL6n92drNQf0L7Ixvb14H/UH/ALpnqUDX3f8AGUo5o2D5lfmj5FDtPgyU/r+Z/dkrw3kX2RjjWXU99c6vLkLR5GqR81c7LSuFa4jZnOfmWUFFyKIouQeBQ6dZ6t/dkqph46RX2RhnCZ/tlRVP+NO8/OqfarHbWF3O4nylbAKAZbFMyh5Nijw0nqW8XTjojXO04vwePrYCpm0jBsp4/wB2PUtkbQDapxRNHAiwfoPHxNY7VH3iP5A9SGkGWuCM/sD1LaBRDiTtJvwVPg2PxCJqvacf4NF+7CNpmtObYtE/mkjyFbT2i3hCpmhbxKPCNE+Og+BrzJKqIZRVVXH8Wof85KuI7ndItlwmd+lYx/lCyrreOLxKg+g/NUqnVjytr9yu8w0+aK+xRhv90jHdCklHKxzD/KSPEruHEx2T29/PFK13iORVo+gy4FRdRvGzYsscTioaSZjeDwU/pM0zEFpky7K+Wnd/ewub4xmFfUtbR1H2vWwTDiEjSfLn4lqRp3t2ZhUpKZj9UkTXHbraD41mjtSvHmin7GvLY9CS/LJr3N8LSBnkfAodYPWtFihki+15p4SPvcrh8+SuY6u7sGTblOR+fou8oWxHbEfqg/8Avsa0tiT+ma/f/mbiAVRufuJcdn2tLw/3b1q31xvejl2519iZ6lZXi4Xp1ortKvlA7XkzDQ1v3N3EFb8XpaKL9v7Kfgta13Je/wDR85MA79bR0li6/wAK9/jzo1F6CRcgYA362jpLF2BhXv8AHnRqL0Ei69HnRxUdUYT3sWzocPo2rJrGYS3sWvocPo2rJrH3ICIiAIiIAsdife5cuiS+Y5ZFY7E+9y5dEl8xyIHme45vdtnV6FZWf2+T4x8qxW44P+Xraeb0Kyk3t8nxj5StqXMyxKiZqGZQEVDNFBARzUFFQzQBMwoZogI5qlN3hVRU5u9KA1XF3uPWfoX+aVoGMPdbBOX4urvNYt/xb7j1n6B/mlaBi/3VwT+rq/zWKany2Qce41343bpMnlK+o2F4v+WLTq/sUGv/AAmL5cY2343bpUnlK+qWFG/8rWnoVP6Fi5mIV0jZwssrZX7DyKR0HIskIhlrCh2Bau7NremKNPxBS9h162+JZTsBUhhPEoyFlUXcsBEOLxKYRjLYrsxchTsQ4kyk5y1EQHAphGOAK47F/vJOxn/YSwuUOxjiTsY4lcaBTQKWFyhociaA4lW0CmiUsRcodjHEoCMAZa+tXGgU0eZLE3LUxZ8ClMQI1hXWgoFiiyJuyzdAOJUX0wO0LIlh4lL2I8SjKiyqSRin0g4lRdRgcHiWa7CSpe1jkqOjFl44ia6mCNGRweJQFLkdY8SzopRxKZlIBwLG8NEyrGSWphG0efvVa3miAsteSP7NL6Ny2tlPyKxv1OBY7gcv7NL6N6LCpMiWMbTPlngDfraOksXX+FT9kx6P+2ovQSLkDAO/W0dJYuv8K+2486NRegkXoKPOjzyOqcJ72LZ0OH0bVk1jMJb2LZ0OH0bVk1j7gIiIAiIgCxuKN7ly6JN5jlkljcUb27l0SbzHIgeabjm922849CsnN7fJ8Y+VYzcc3u2zq9CsnN7fJ8Y+VbUuZliREzChmgI5pmoIgCIoZoCKhmoIgCkm7wqdU5u9QGrYuOVorP0D/NK0HGGq64J/V1f5rFvuLvcis/QP80rQsYe6uCf1dX+axTU5CDjzG2/G7dJk8pX1VwmP+V7R0KD0LF8qsbb8bt0mTylfVfCe9a0dCp/QsXOraIy0NWZZqnCkao56tqxIysiQE0QoaQCaY4wl0LMiWhSmMcSiHceSgHcyjgTxIdjCh2NT6YTSCiyF2SdjHCFDsQVTSCiHBTlROZlLsY4kMYy2KrmONRBGXAmVMjMyh2IKPYlXzHEEzHImUZ2W/YkEI4lcZpqyTKhnZbiDkURAOEKuNm0J1pkQzsoCnHEo9rt4lW60U5URnZSEA4lM2Jo4FOmaZULskLRksXiFv9RXDo0vo3rKnYsZiAf1BcOiy+jeoaJTPlNgHfraOksXYGFfbMe9GovQSLj/AADv1tHSWLr/AAr3+POjUXoJF0KPOjUR1ThLexa+hw+jasmsZhLexa+hw+jasmsfcgIiIAiIgCxuKN7dy6JN5jlkljcUb3Ll0SbzHIgeabjm922jlHoVkp/tiT4x8qxu44f+XbYOb0KyM+qeT4x8pW1LmZYlRQB41BARzTNQRAERM0ARQzRAM1TlOpVFSm70qULGr4u9yKz9A/zStCxf7q4I/V1f5jFvmLfcms/Qv80rQsYe6uCf1dX+axKny2Qce42343bpMnlK+puGKl4wxaQ0DLtKD0TF8s8bb8rt0mTylfUbDTJPYrankBje0oNbzl9yYuViW0lY2cIk5O5mW1LhtaOpRNW3hBCw1VXQwnRFS1zjsDWEk+tUBNcZdbIS1vAZAGeLWfEtOM6kuEVc6Kw8XxfAz3bTDqDtfKodsj4Q8KwJpbg/W+pib8VpPlyTtGo2mpJ6gsm7xHlLKjS8xne2h8MeFRFUzhePCtf7Rn4JT8k+tQ7SqhseDzsd60yVvKTuKfc2JtWz4Y8KmFSw+/C1rtasHBEefTHzoI60HVHCeaR4UZaq6EeHi9GbM2oZ8MeFTidp2OHhWsA14+4D9mc/OgnrW/2ebqlafKEvUXQjwptLZeVREmYzzWrCsqxtp6j5LT86mbc6ho1wzDnhd8xUb2S6FPCs2kPz4VHsi1ht80dTo3jqI8oVWK/U5OTnEc4RYhdSnhZGxh4UQ9YWO8U7jqlaq7LjCffZ8xzVlXj3KPDzXQyYdmo6QWPFbEffeFTirYRqz8Cuq0e5TdS7F8HDhTMKyFW07A4nmU3bJ+Cesqd7ErupF3mmas+zyH4IUhfI7aXFRvV0JVJl2+Rje+cFYXuRj7DcQ12vtWX0b1OWPy7wqwvRystw1ZHtaX0b1G8d+Jbdq2p8ssA79bR0li7Awr7Zj3o1F6CRcf4B362npLF2BhXv8en/ALai9BIupR50c5HVGE97Ns6HD6NqyaxmEt7Fr6HD6Nqyax9wEREAREQBY7FG9y5dEm8xyyKx2J97ly6JL5jkQPM9xze7bOr0KyE/2xL8Y+UrH7jm9+29XolkJvtiX458q2pczLEiJmoZoCKZqCJYDNEUM1IsRUEzUEJI5qnMe5KnVObvEBq2LNdnrP0L/NK0PGHurgn9X1/mMW+Yr9yazL7y/wA0rRMYe6uCP1dXeYxTV+WVZx5jXfjdukyeUr6aYepqyrw5anVczo4hRwaLGnuj9iZ1Dq1r5mY1343bpMnlK+oeHt7Fp6FB6Fi0XRjV5uht4Obi3YuKeCCnaRDE1me0jaec7SqozOxU6iaClppaqqmZDTxNLpJHnJrQNpJXnF8xncrvM6nsZfQW8HLs+jozy8oz7wfzceWxbdGi5flgjr4PBVsZNqHTVvRG+3e8WmztBulwgpi4ZtY93du5mjNx8C1ur3Q7e05UFruFXxOexsDT8s5+JajRWoBznhri9+t8jiS53O46z1lX8VsLdgA6lvQwkFzO536OxcLS+bJyf2X9+5fS4+vMmqC00cQ/vJnvPiyCoOxniR+wULOaDPylSC3OURbXE5DNZVRorobscJs+GlNe7/kk9lmJvwqIc0DPUgxZiQbaph/wGepVRancqmbaHFWyUeyLbrA+SP2JGYvxA065Kd3PTtVVmNL2B3UVG7/Ay8jkFn1a81Ftm7rIg5Zbc1VwodkY3S2e9YIqR44ug7+gonczXj51WZjupA+yWmB3xZXDyhUBZmhPrO1U3VB9DG8Ns9/R7v8Asvoce02ya0yt+JOD5QFdQY1sLx9lp6xhJ99EHjxFYY2YcqovsjTtaOsKjw2HfQxPAbPlpdfubVDiLCk+o1cEZ/vY3M8oV/S/WOr10tRSSk/e5gfIc157LZGtaSW5AcWfzK1lsLdujr41ils+hLT+DE9kUJclVr/PH+j1Q26Ed6+aPlEjh5VL2lOzXHWSEfnsDvGMl5dTxXeg+0rnXQcjZjl4DmFf02KMVUh7ualrGjaJ4dEn9pmXkWtPZFN6Jfwa8ti4hfLqKXt/57noIbXx++jkHI8tPjBQVVWwd3FUDlDQ8eIrU6LdByybc7NURHhfSyCZvyTou8q2G1YlsN0kEVHcoDOfuMmccnyX5HwZrUnstR6NHOr4TFUONSnw79Pui9bcxpZdssaeJ7NE+PJXMdZK4e3ty4xHn86PZn3Lm6XI4fMVbPoqNxzMDGnjb3J8WS13gprlkamaD1RfMmc/V29Hzdiy+dUb0wvsVwPbDHntaXY0D7m/lVoaFuWUdROzkLg4eMKzu9FVizV+jPFIBTS7Wlp9rfxZhYnQrL6b/uRkptcJW/Y+ZOAd+tp6Sxdf4U7/AB70ai9BIuQMA79bR0li6/wrl2THuf4NRegkXUo86OKjqnCe9i2dDh9G1ZNYzCW9i19Dh9G1ZNY+4CIiAIiIAsdife5cuiS+Y5ZFY7E+9y5dEl8xyIHme45vctnOPRK/qPtiX458pVhuOb3bb1ehV9P9sS/HPlK23zMuSoihmgIqGagiAZoiIAihmEzKAiqUx7glTqSbvCpQNWxZ7k1f6F/mlaJjD3VwT+rq/wA1i3vFvuTWfoX+aVomMPdbBP6urvNalXkIZx9jbfjdukyeUr6iYcBOGbQP+yg9ExfLrG2/G7dJk8pX0pvd0ktG5dR1FO7RqpaGmgpzxSPiY0HqGk7qWvTV3Y28BTlVqZI6uyNVx5en4gvDrVSyf1XRSZSFp1TytzzPK1p1DjOZ4AprTQtyb3OocCxVipWRwRxsHcgDLmW3W2IBo6l2Et3CyPosowwdFUaei933KtNSDIaldMphxK4haANmRVXUOJYHNnHlWk2Wva7eJTNgbxZKsXDkUumMtqi7KZpEogaFEQs4lbyV9NHqfO3PiBzPiVs69Uo73sjzyDJTZssozloZIRt5FERjiWIdeiR3FOf2nZKUXeoOxkI/azVbMnc1DNBjQo6AWDF0qTwxDwqdtyqeEx+NBuKhl+xjiCgYgsU25Tg62sPWqjLq4d9EerI/OouxuqheugbsyVJ9OM9iptusOx40ecEKvFWU0uyQf75lKkyP1I6lrJSN16lay0LXZ9ys03ReM2uDhyKUxgq6qGSGIkjWKi3Ag5BYuttjXN0ZIw9vERn5VuskAyKtJ6RpGxZY1Teo45rU1e3XK92fIUFfKYW/2efOWPqDtbeohblhvGVDcpmUdxjFBXOIawOdnFIfzXHYeQ5HnWBrKAa8m61hK+ha5rmSMzz5ElQp1VfqWrYHC41XatLuv99z2Egg5FW9z9xbh0aX0b1o2BsUy0tTHZLzKZIZCGUtS85uadgY48IOwE8x4Ct6uoys1wB/BpfRvXNqU3TlZnkcZhKmFm4VP2fdHy4wDv1tHSWLr/CvtmPejUPoJFyBgHfraOksXX+FfbMe5/g1F6CRYqXOjgo6ownvZtnQ4fRtWUWMwlvYtfQ4fRtWTWPuQEREAREQBY7E+9y5dEl8xyyKx2KN7dy6JN5jkQPM9xve7bOcehV9Un+ky/HPlKsdxze9ber0Kvaj7Zl+OfKVtvmZdEiIimwCKBKglgRzRQRLAIiKQFTm71VFTmOYQGrYsP8AVNYP7l/mlaLjD3XwT+rq/wA1i3rFvuTWfoX+aVouMPdfBP6ur/NaoqfLIZx7jbfjdukyeUr6EboEzjhbCFGDqdAyY/s00bR43lfPfG2/G7dJk8pX0Bx0T2DCTTsFrB/lhCx4VXqI7nw1FSx8b9L/AMMoWlndDUtpoRkwLWrSNbVs1GcmBdOqetxzuy+a7RCoVNVFAwvmkaxvKVjrhdRGXR0+i94OTnnvWni5TyBYCWd8speXOlf8N3BzcXMFijDuaMKDlxZmKq9OdmKeLJvw36vEsdLVT1HfzPeOIah6lbDbm86R5dimDwraaG1Gko6IqsYMteQ8aqta3LhPOVQY7iKnDxwnJQS4lZgYNeiNfHrVRpbwAeBW4eONREjeNVsVylyHDiHgQluWeg0lW/ZW/C8admbltSxGVlz3HB5VAgfCPXrVt2ZvGodmHGliUmXGk5o1OBUvcnvmDPj/APxUey8qh2U8ZU2LK5dwzPY7OGd7DxE5hX9PdJmap4xI34TNvgWF7KDtyPOpmPHvXEeRRlRSVOMtUbVS1FNVNJgka7LaOEc4VQxg7Vqgd3QfrDm7HsOsLIUd5liyZVNErM9Ujdo5wq2NWdFx5WZSaBpGxYi4UQcDkFnIJ4aiLTheHt4xwcnIqM8Yc06laE2mWo1pQZod1pA+N8T25jkW94Su77tgSt7Yk06ykglgnJ2uIicWv62kHnBWuXmANzdl4lRwJU9q3K90bj3FVbJX5fnRtd/pefAr4mKnTzdja2tTWJwLn1jx/v8A70OAsA79bR0li6/wr7Zj3o1F6CRcgYB362npLF1/hT2zHvH2tRegkXLo86PnKOqMJb17X0OH0bVlFjMJb2LX0OH0bVk1j7kBERAEREAWOxPvcuQ/7SXzHLIrHYn3uXLokvmORA8z3HN7ts6vQq9qT/SZfjnylWW45vdtnOPQq8qPtmX458pW4+Zl0U0RFICInWgCJmoZoCKhmiIAqcuwqoqc3elAati33Jq/0L/NK0bGPuvgn9XV/mtW84s9yqz9C/zStGxh7r4J/V1f5rVFXkIZx7jbfjdukyeUr6BY+blbMITcBt+h/lQu9a+fuNt+N26TJ5Svorj2ic/c0sNwDc+0mUrnkcDHwtjcfCWrFhnaaOz8PVd3joN9eH34GItXvVeV9xDYzFG4tYNTnNOtx+CPnPUsJFVltKGsOTiBpEbRyDlUscg1PdlpZAAcDRxBdaSWp7evSvK7LhznPIMmTWjUGDgClL+AagqZeDwqi6YZ5DaqWKxgXBkIGsqXs3FmoMpzlpVDxGOI7f8A11q3rb1abX3DnB03Awa3Hq2+JXp05VJZYJt+gk4xVy9j7M8huzMZ6+JXDYXNbpSSZN49gWsyX671h0aOjMDDr0pDoH5z5FS7UutQ7TqKtjSfgx6R8LyfIupS2JiJ8ZtR/k1ZVm+VGzGst7DkZ2PdxNdpHxZqIr4ARoQTO5oXLXmWuZwykuFa7kExaPA3JR+stOe+kndymZ5+dbcdh0fqmzG3UZsLa9v4JUZfoT61P9cIMu7hmb/hFa2LNTe9kmHNM8f6lH62vZ7TX1sZ/NqH/OSrPYeH6SZCU+5sbLhbH6jOxh/OaQrmOCGducMscg/NOfkWpdr3Vntd1leOKVjHjxgKg43SM5upaOfL3zNKF3hGYWCewL/Lqf8AewvNG4S0MrdmfUVaSMniOW3k2LX6fEddRnu+3omjglb2dnym6x1hZm24qoqxujUCF2W10Z0mjny1jraFz6+ysXQ4uOZeheFdrUqNqNeTgQVOybXqKun0tLWRiSmlaQ7vczmDzHZ4CsZUQT0rtF7XZcq56d+HU2YShPQv45iOHNVmSNf3w6wsTFNnsPjVeOXhyU2JlSMlTvnpn9kgkOWXBty4suEcngWYt91iqgI5NFkp2ZHuXnk5eRa7DPy5pM1rgZGbT3w4+X/fiVcpqzo9TNXdgMbs1rdmJZiZgb7+mq2HmNNIf9Kvo7mTF2vVOz1ZMk4+f1+HjVpZYy/E+oE9io6yQ8wp3jyuVp8KTM+mCqp+V/wcH4C362jpLF19hT23HvRqL0Ei5BwDv1tHSWLr/CvtmPejUPoJFy6POj5ojqnCW9i19Dh9G1ZNYvCe9m2dDh9G1ZRY+4CIiAIiIAsdife5cuiS+Y5ZFY3FG9u5dEm8xyIHmm43vdtp5R6FXdR9sy/HPlKtNxze9bOdvold1Gqqm+OfKVuPmZdEiKGaKQEREARFDMICKKGaggI58Spy96VOpJu8KA1bFfuTV/oX+aVo+MPdfBP6ur/Nat3xZ7kVf6F/mlaRjD3XwT+rq7zWqKvyyGce41343bpMnlK+os5oI9y+mFxi7NTz22GExA5GQvhYA0cueWvgyz4F8u8a78rt0mTylfSUVP1yo7RAPta30kLcgdT5jCzSP7IOXOStenqbGDpynVVuh5bcqW8YeAZcKWaalGttZGwuYfjZZ6J4weoqhTX2ikGk2ojP+I31r2QPLdnlyVhNa7XVSGSW1UMrgdcklNGcjzluea3VXa1Pd09sXX6sLvunY80p6yorYZZqCmlqYYgXSyxtzY0DWc3bOoElRZdIaWldUB7Y2jIOnfwE7A3hzPAAC48g1rN7pd5ipqSK0Q5iKTLsrY8g+UbREwbGA7XOyya3LaXALSogZKtj6lhqKto+w0sDCWwtO0AHZnwucczwngHb2Zs6eLW8nwh/2hn8cpU75eL09F6936Fy6oulzdlEZKKmJ74+3P8AKGdWbuMq5t9voqJpMbW6R7521xPGTtPWp4aC5VAHZZoqKP4MYEj/AAnJo8auW2O3Ag1LZat3HUSF4+SMm+JeopKjQjkpKy9P9s1HKU3eRbSXa3QHRdUwtI4NMZ+AKVl7hf7TBUzfo4Hu8gWapo6SmbowQRQj+7ja3yBVDUt25nLlJTeX+kXfcwYuVWe8tNycOjOHlT6415/6Lcf4f/2sz21HxDwKXtqIagG+BTmflF/Uw312qW+2Wm4ty/7V3zZqT2QU8ftsVRER8OB7fKFne22DgHgURWsy2uH7RTM/KRm9TCw4gtcnciriz4i8Dyq8irKeUZtkB5QrmQ0czdGaGKUH4bGu8oKsJbPYZTn2hFG74UWcZ/lIUqS6xYzNdS5Iik15tdzKwrLTR1J03xN0xseNThzEa/GoPscTftO6VsB4GvcJW/zAHxqkaa+0+uOajrWjldE4+HNvjV4yS0ZGZdUUGU94tb3S2ytc8e+jm1h3OeHrBWYtWMKWUtor1CLdM7IAynOB55H+9PPqWLddpKb3SoamlHw3x5s+U3MKdzqC5U51xTRuGWYyIKwYnAUMWv1I8e61Kq30s2G4UfY36cRLCcj3R1Hi18XKrWKfuzHINF4ORBWBoZbjYW9joz27bPfUUzu8B29idr0Dya2nhA2rI26WguVSzRqpWUzyI2vLQJKaUnuWStOwHYDnok7HbAvL47ZtXBrNLjHuv99joYfEKSyz1RlRIqsdQRwqjPa7xSOc00zqtg9/AMz1sPdDxq27HcXHRZba8nPYKZ3zhczPF9TKpU5K6kirXvaWE+92nkPGspuYhszr/WVB7plBJT02fvu5c6TI8OQDArCjw5eri8NqGfW+n1aTpCDJlyMGevlccufYtkrbfFbMOzR2xnY2U1PJoDPM94/Mk7Tnmc+fNYatRNZUc7aOIhuJUabu32PnngHfraeksXX2FPbce9GovQSLkHAO/W0dJYuvsKe2Y96NQ+gkWlR50fP0dU4T3s2zocPo2rKLF4S3sWvocPo2rKLH3ICIiAIiIAsdife5cuiS+Y5ZFY7E+9y5dEl8xyIHme43vdtn7PoVdVH21N8c+Uq13HN71s/Z9Crqo+2pvjnylbj5mXRIigmakEVDNQRARzUERAEREAVOXvCp81JL3hQGrYs9yav9C/zStIxh7r4J/V1f5rVu+K/cmr/Qv80rSMYe7GCR/wDXV/msUVeQhnHuNt+N26TJ5SvpBhiFtPhW0xM2CjhzPGexMJPjXzgxtvxu3SZPKV9KcNQmewWwuzEYo4M+X7EzUsFLqdHZr4yK8MRmzc4lsY4fhcyw2L77S2a1vqJO9b3MUTdRkdryaPXwDWs9cZ2QU5GbWtaMyTqAAXid8ufshvLquTM0UJ0aZh4W598Rxu282QXY2Vs/xla0uVcX/X7nbowuyhTR114r5LpcJS2SbLW3UWt4Gs+C0ce07eVZ2jigpIOxwxtjbtIA2nl4zzqwjqGtADdigagnYSvcvKkox4JaI3E0jJuqshkreSq+CVYmRzupQAJOvWFS6WgzMuHVLjrzVPs79qlERO0KoyncRrHiUZiLknZTxlQEjsjmq7aV3Ecgpm0p4QUzEFr2R2zgUeykcJV12oeLxKXtU8WXUmZgtRK4cqmE7hlntVY0jstikNK4DYmZgkFQ/jOanZVuGvNUzTuHApOxOATMxdl9HVkd6efgzVtPb7XUvMrqcU8332A9if1luo9YKoZOGoDJREhGrM9ZUqQuSvornStLoJo6+LPvX5RyjmPeu8Sx73RSVRdCX0lcxpBjkZk4tO1padTmnhGsHxrLsncNeZUKoUtZEIauFsgacwTtaeMHaOpbEat1lkrolM2vAuIo7nA23Vx7FXwNyGZz02j3zSdZy4QdezPPattOmxvdZOb8IbOviXiFVS1lFIyppZZZmxuDo3tP2aMjh1d95edeobnuJ475QkSPb21E1olYMtFw1jTaOI8I4DqXkNs7HWG/Xocj1Xb/AMNerDqbAD3OWepULl7j13R5PRvV9LTMI0oSGE+9Oz/0rG55stNc17S09rybeH7G9edNZ3SZ848Ab9bR0li6+wp7bj3o1D6CRcg4A362jpLF19hT27HvRqL0Eiw0edHl0dVYS3sWvocPo2rJrF4S3sWzocPo2rKLH3AREQBERAFjsT73Lj0SXzHLIrHYn3uXLokvmORA8z3G8/Y9bOLV6FXNT9tTfHPlKttxsf8AL1s6vQq5qftqb458pW4+Zl0U0RFICIoAoCKhmiIBmiIgCpy94VUVObvUBq+LPcmr/Qv80rSMYe7GCf1bX+a1bviz3Kq/0L/NK0jGHuxgn9W1/mtUVeQhnH2Nt+V26TJ5Svpnh9wGGLWRqaKKD0TF8zMbb8rt0mTylfSm3TtjwtamhwH9Dg1n9ExYKXU6GzFebNH3ZMQdqUMVohf9nrs+yZHW2EHJ3yj3PMHLz6ilcGAArF3++OxDiyuuocTC6TsdMDwQszazw63ftK9odJwAzX0PZuF8JhVHq+LPRQWWJlY3E6hyK7gY52o7VRoIS4jPYs5Q0RdkMiOpZnMsuJaQUzjlqz4M1eQ0J2aKzNHQawC1ZOnt3Jz5rDLEKJkUWzXYqA7MtQVxFQHUtkZRADLJVI6UcXiWB4suoGvst2rUMtirNt35qzzacDXkpxEBqyWJ4pkpI19tv1ZZILcDwLYRCOEBBE0jIAZKPFSFka4bZmMg1Un2sfB2LauwDiCdrNyyACLFsj8ppstsGROStJbeR73Wt4dSDLUFay0LSCMuRZoYy+pGVPQ0aWiIzGiNqtJabR4FutRb+EN5Fi6qgOs6K2IVlLQo4tGpvaW8CoF5AWbqqTIHIcKxdTBkTnmAsykULU1JZw6sgrelrpbXd4rxb+5mY7OWPPuZmnaDykcPhSZuXH1rGVDyzaFsQanFxlo+BK4o6CsVyprnbIK2mfpQzsD2E7eY8o1jqS8uey01wORaaeTUR/duXkm5TiN1DdX2OeQ9hqSZKUk97Jtcz9oDMcoPGvWK6VlTYa4atIU8no3L59j8G8JXdN6dP8GvJWufOHAO/W0dJYuvcKe3Y96NRegkXIWAN+to6SxdfYU9ux70ai9BIubR50eQR1ThLexbOhw+jasosXhLexbOhw+jasosfcBERAEREAVjiFrXWKva/vDTSh2vLVoFXysMRtL7BcGDa6mlA+Q5EDzbcvbHHSUENMc6YNBaQc9fY+PmVSp+2pvjnylW246QbBbMuNo/yirmsGVZMPzz5Stz6mXKWaciIpAREQBERAEREAVKbvVUVObvUBrWIww0czZe8LCHa+DI5rTd0NkEeJcFspyDGLdcA0g5+9bwrcMVA/WuqH9y/wA0rSMbEC7YEfwOoq9g5+xsKrV5CDj3G2/G7dJk8pXduOr3Jbdyd1VE/RmdbYYIT+fJHHGD/M49S4TxuCMZXYH8Jk8pXXm7DVlu57hqmae5nkgceUMptIeNwWTZdJVcVCD6tHU2TzS/Y0ixRtbCxrdTQBlzbB4slt1qh0tEgLWrKzUxvFkFutljaSBt2L6LXlY9CzNWulz0dXFsK2i3UIyGriVhZ4sg3VmFstG0BgyXKrVGtC8IlWnp2hoGXXkrhkbcs9WWxGuDW8GpSvlAzyWg22W4smIaFDSA/wDStZahrdbjqVlLWl3ek5ceSvGk2WUTKGUA61TNSwZ90FiBJLIdWkc+JVo6SZ4zJ2rLuVHVkpIvu24zkcyjauMatLJWzbe86y4o6gkA1HM5jkUZafccC+ZUMOxw5lUbK0jasQ+lnbs1hUhJPHtzGsak3MXoxlRn2vaVHJpGxYiCtOei4a+NXkc+Y26ljlScSuTsV3wtIVnU0Yc06grtkwy1qYua7bqVYylEJtamsV1Dlmcj4Fr9dR5ZjJb/AFMLXjLJa/c6MZFwGtdHD183BiUU+KNCrYNElYKvj1HatvuUOTitZuLMgTkFvRdmYNDVq2SemkZPTvMdRA9skThwPBzB8Pzr3CwX6O54UNxi1MqaJz9H4JMb8x1EOHUvELq0d0OMLaNyq5E4TvNG52QpHSObyMkic/zg7wrlfEWHUqEay1XD9mY63BXOU8A79bR0li7HwAyCW5Y7bUkCI09BpEnL7hJwrjjAGvG1oy/CWLr/AAdkXboL+ARUTOsU8hXiKXOjxyOrMMhjcPW8RnuBSxBuvPVoBZBY3CzSzDdtYdraSEH5DVkljICIiAIiIApJ42ywvjd3rwWnr1KdOBAeNbkjzT21tLJqdR1LI3ji0XOjKyt3jMV0qGEZd2VYSQfWTdLutulzjp7ke2oCdQ+yd94JAfCFmMQNMj4a3RyMjdGQfBkbqIW3e7v3LIxqIisSEUEzQEUUqICOtQREAUkutqnUr9hQGvXyPstPJH8Jpb4QR8688x08NsOAbsdTae5uopTxdmgLR/MxemXRhLTktHxDY5sQ4DxJhaj90Iw2vtn6aN3ZYwOch7f2gkleDRDONt0iF1Pju7RuGR7OT4QukMU3EXzcXwHe4ndkaAyCYjXoyCAxOHyoj4V4Lut6FfcKLEsDC2G5QAyNy7yZup7TyhbLuJ41oPrBcdzvE1Y2jttyeJrfXSHuKKrBBaXcTHEDM8Gs7CcmzsQsPiYVHombmArqlU49T0mySt7kg8AW7WScBo8i8nFXXWO4utV3p3UtZFkdA6w9vA5hGpzTwOGYIWdoMTxNyAlbnzr6LKcKsc0XdHpI1oSWp7VbKpjQ0aWxZqnuMTRrcOJeKU2LAG5CUDlVb2X5DITLRlSi9WWWIiup7Q67RAd8FbSXiEZjsmYHEvGJcWEg5TK3dimQn2zMnlSnh4vQssSn1PZX3SN5yDgBxKrTPbIQS7ILym03qplcHPJy1LcbTcS8DSPEssqcYqyLrEJG90romgaICvGSjLUtcoJtNoyPEsnBIAANJaFSkTv09TJaZPCoiQ5bVZNmaNrufNTdnGXAsOQneQLkvaNqoShjgc8lRMvKreWTInuuJXjTZKrRRGWFhzy1KkyQxDIu8SoSy5HvirWaoybrK2ox4WZG/RkfrixmolVorpGdektNuFdo8WtYaS/CNxa6TI86v4eMlwRG+uemG6R5beVY+vuETge61rz92JWgHuxnzq0qMRtOoScHGphh7PgiHUubHdJ43BxzG1avcZG5FY+pvwOfd7eXNYmsu7XA6xmt2nSl1KWvxKN3kGv1Kjh66Ns+DMcXN7gGxW9jWZ8MjxKxg69MLFXa5xtjdI97WtA2ngXnWOsXMnw6zDtufnFLUCrrZAdT3tboxRjjDBmTxucfg5nm/ENeNPB7tvjK3saWPxEaVO3VmG3L4HVGP7TG0Z/Z8/ACuttz5hqsM4wrIxn9cr52nB+cIo2Q6v2nlcu7kQFvq6/EskZeKCHQgYBmZJ36mMHGc12vuP4TmtkWD8JVA06i3x/XO6ka/s2kZHZ/4r2N/YK8HS4NvseXR0HSxNhp2RM71jQ0dQy+ZVEGxFjICIiAIiIAiIgNM3VMNz3i1xXG2s0rpbnGSBo2ysPfx9eQI5QONa/hq8U99tJzJ0y0CZgHdNcNQeBxjLIj5wvU157jnA9Wbg/EOFHsguLjpVFK52jHUn4QOxr+fU7hyOtZqc0uDJTsYqWN8L9B+R1ZgjWHDjB4lJmsdRYqoqmodbb5BNa7lGe7ilj0XZ8eifKNR5VloqYTNzpKmGob+a8Z+Das5Yo5oqxoqwbYHeAqHatX94f4D6kJsUkVUUtX94f4D6lAUtX+Dv8AAfUgsU0VTtaq/B3+A+pR7Vq/wd/gKEFJQOxVu1av8Hf4Codq1f4O/wABQGMrYtJhWq15qLdcYbpSBxmgd3TW7XszzI5+Ecq3iWiqnD2h/gPqWHuNsqnA/wBHd4CpTBzx9UPufx9pVmLrBF2XDl0kFTWxxNz+ttWdsoHBE8nX8Ekg5AtK5oqaaankcyRpzbtI2LvyKG7WSqlmoqbs1PNmKike3NkgOo5AjLWNoOo5ry/Gm45hXE9RJWYQrY8PXLbJa6xrhT58OgRm6IchDmcWSwzovWJWxzvYseX2221lpmkp7na49cdFcIBURRn8zS7qP9hzVkRjqhczP2Ptp38VNcZ2t6mv08vCtsuu49i21ucblg6sqYR/aKFgqYyOPSiOfhaFiW4OskbtGtttfTO4RJHOwjwtVYV6tLhGTRdVZpWuYF+Onj2mhe341Tpf6QqXs7r/AMHj+WVs4wnhHhFQP2pPUphhLB3HP8qX1LJ47Eedkbyfc1U45rj/AGZnyyq1Fj+qgk030MUpGzOVwWzjCOC/hT+GX1KYYRwRlrkqPDL6ldbRxK0myyrVF1Lai3Y62lAAslK7LjqHrMUv1QNxgyyw5RHL/upArIYQwNwy1Hhl+iojB+BeGao/zfop+JYpfWyyxNVfUZ6n+qXu0WWWGKE5f95KryP6qS6M24Rt7v8AzZfUtW9h+Avv9R/m/RURg/AX4RUeCb6Kl7SxT+v+C6xtdfUbc36qy5tG8y3fx0vqU4+qvuv5GW3+Nl9S08YPwCR9sVHgm+ioew/AP4RUeCb6Kp4/Eedk+PxHmNud9VZdD/8ADbaP/Nl9Sou+qkuh2YRt4/8AOmWrjB+A/v8AUf530U9h+Afwio/zfoqVtDEr62PHYjzGwu+qdurv/itAP/MlVCT6pW6vB/5XoR/5cqwnsPwFnqnqP836KHB+BPv9R/m/RVvxPFef+CPG1/MXFXu/3Oozzw9SNz4qqRYK4brlxqyT9a4IzxiZxWT9iGBvv0/+b9FSnCGCB91n8MvqVvxXFr637EeMr+Y187pl0P8AZYv3jlRfujXR39njH+I5bJ7EcFcD5/DL6lKcJYNA1On+VL6lH4pi/wD9GV8VW8zNYO6BdD9yYP2yqMmOrs5uTWxt8JW1+xPCHB2wf2pfUpPYZZZXaNDba+pcdgjineT4Gq34tjdN4yfFVvMzz653u5XEFtTUuLD7xupvgVrSUk1VK2ONut3CdQ5+Zew2rccxZcy02/CVTSQnL+kXBopYxy6Upz8DSvUNz7cZw1YLjC+/yeyu9uIMNqoo3GnDuDTz7qUDlDWc61ZSq1pZpu/qzDJuTvJmK+p4wCynoaHGV+gMVktruz2qnkb3Vwq9gqC3hjae9HviBlmBmew9y+wVNtt891ukZbdLkRJMx2swsHeR58YzJPKTxLH4IwVVmuhv2KhE6riANHQRkGKkyGonLU542DLU3gz2r0FUlJJZUVCIixgIiIAiIgCIiAIiIDF4hw9ZMQUwp7zbaatY3veyM7pnxXDW3qIWkVm5Fb2OL7NfbtbteqNz21Ebep40v5l6WitGUo6MHkk25zjanJFFi6imbwdlppIz/K4hU/YLuj/lHaf89evor76YueQewXdH/KO0+CdPYLukZZeyO0eCdevom+kTc8gGBd0fhxHaf89PYJuj/lHaPBOvX0TfSFzyD2C7o+e+O0eCdPYLukflHaPBOvX0TfSFzyD2Cbo2e+O0/wCejtz7Hsje7xRbGniEM58ekPIvX0Ub6YueKTbluOJc88V2z+Gn+msZX7ieLavIy4mtMj296XUswI5jp5he/Ip30+5B4Db9yPdIoXgwYqs+Q2aQnJ8O1ZuDAm6a1uUmI7M/nNQfKvY0TfTB5EMDbonDfbIT8Wb1J7Bt0P8AHlk+TN6l66ib6RNzyL2C7of48snyZvUnsF3Q/wAe2T5My9dRN9IXPIvYLuh/j2y/JmT2C7of48snyZl66ib6QueRewXdCy93LJ8mZPYLuh/j2y/JmXrqJvpC55KMCY+4b/ZxzRTetPYJj38oLR+6m9a9aRRvZC55L7BMe8F/s5/wpvWpPYLuhfjyyfJmXrqJvZC55F7Bd0L8eWT5MyewXdD/AB7ZfkzL11FO+kLnkQwLuhfjyy/JmT2C7oX49snyJl66ib6QueRewXdD/Hlk+RMgwLuhZa77ZPkzL11E30hc8jGBt0LhvtlHKGTKvT4AxtKA2pxdSQNOWl2Gnld4M3heqoo3siDzek3JqJ7+yXm/3a4nPWxj207Dz6A0v5lueHcO2TD9OYLNbKaiY7vjG3un/GcdbuslZVFVyctWAiIqgIiIAiIgCIiAIiIAiIgCIiAIiIAiIgCIiAIiIAiIgCIiAIiIAiIgCIiAIiIAiIgCIiAIiIAiIgCIiAIiIAiIgCIiAIiIAiIgCIiAIiIAiIgCIiAIiIAiIgCIiAIiIAiIgCIiAIiIAiIgCIiAIiIAiIgCIiAIiIAiIgCIiAIiIAiIgCIiAIiIAiIgCIiAIiIAiIgCIiAIiIAiIgCIiAIiIAiIgCIiAIiIAiIgCIiAIiIAiIgCIiAIiIAiIgCIiAIiIAiIgCIiAIiIAiIgCIiAIiIAiIgCIiAIiIAiIgCIiAIiIAiIgCIiAIiIAiIgCIiAIiIAiIgCIiAIiIAiIgCIiAIiIAiIgCIiAIiIAiIgCIiAIiIAiIgCIiA//9k=', 8);
INSERT INTO `product_image` (`iid`, `file`, `pid`) VALUES
(3, 'data:image/jpeg;base64,/9j/4AAQSkZJRgABAQAAAQABAAD/2wBDAAUDBAQEAwUEBAQFBQUGBwwIBwcHBw8LCwkMEQ8SEhEPERETFhwXExQaFRERGCEYGh0dHx8fExciJCIeJBweHx7/2wBDAQUFBQcGBw4ICA4eFBEUHh4eHh4eHh4eHh4eHh4eHh4eHh4eHh4eHh4eHh4eHh4eHh4eHh4eHh4eHh4eHh4eHh7/wAARCAJYAZADASIAAhEBAxEB/8QAHQABAAAHAQEAAAAAAAAAAAAAAAECAwQFBggHCf/EAF8QAAEDAgIEBwYPCgsGBwEBAAEAAgMEEQUGBxIhMTZBUWF0sbITMjVxgZEIFBUWIlJUcnOTobPB0dIzQlNVVmJ1gpKUGCMkJTRDRmOVotNEZIOEo8IXJkVlpOHwhbT/xAAbAQEAAgMBAQAAAAAAAAAAAAAAAQIDBAUGB//EADkRAAIBAgMEBwcDBAIDAAAAAAABAgMRBBIxBSEyQQYUUVJxkbETQmGBocHRFSLhFjND8CPSYoKS/9oADAMBAAIRAxEAPwDstERAEREAREQBERAEREAREQBERAEREAREQBERAEREAREQBERAEREAREQBERAEREAREQBERAEREAREQBERAEREAREQBERAEREAREQBERAEREAREQBERAEREAREQBERAEREAREQBERAEREAREQBERAEREAREQBERAEREAREQBERAEREAREQBERAEREAREQBERAEREAREQBERAEREAREQBERAEREAREQBERAEREAREQBERAEREAREQBERAEREAREQBERAEREAREQBERAEREAREQBERAEREAREQBERAEREAREQBERAEREAREQBERAEREAREQBERAEREAREQBERAEREAREQBERAEREAREQBERAEREAREQBERAEREAREQBEWqZhzDVSVjsIwANfUtOrPUkXbCeMAcbvkHOdihuwSuZzGMZwvCIhJiVbDTA96Hu9k7xNG0+QLXZs9Rym2GYNiFXyPeGwtP7XsvkVPC8rUsMprK90lZWP2vkkdrOJ8Z6lsEFKyIWihjiHM1Y8zZZJGv8ArmzNLcxZep4xxa9S93U1Q9Xs3/iah+Mk+pbOI3W2vKdzPtz50u+0myNY9Xs3/ieg/bk+pQ9Xs4fieg/bl+pbR3I+3PnUe5n27vOm/tFkav6vZw/E9B+3J9Sh6vZx/E9B+3L9S2juR/CHzoIj7d3nS77RZGr+r2cPxPQfty/Ugx3OH4noP25fqW09zPt3J3I+3cm/tFkat6vZw/E9B+3L9SlOYM3gX9R6D9uT6ltD2ED7o7zqwrJC247ofOm/tFka/LmnNrN+D4f+3L9Sx1fpAzHRECfDMMY53etMkus7xAC5VatrKqummgoahsEEAJqa2QgMiA2usTsuBvJ2BeFaQtPuV8s1MtBkykixuv8A6zFa0udETysZcOkH5zi1vICicnoNx7hQ53zrWutBlyiseNz5QfNa6y0ePZ0tebCcMj8b5R1gLhrG9OWZ8Xc71WzjXRxE/wBHo5DDGOYMhAHyla9NnzB5Xa09ZX1DjvLw9x/zOVlGXaRdH0I9cOafcWEfHPUfXDmn3HhHxz188RnbLvGypP8Awj9amGd8t/g6n4o/WmV9pF0fQv1w5o9xYR8c9BmHNPuPCPjnr56jPGWuOKp+KP1qYZ4yxxwVPxZ+tMr7RdH0J9cOaPcWEfHPT1w5o9xYR8c9fPcZ4ytx09T8WftKPr5yr7nqfiz9pMr7RdH0H9cOaPcWEfHPT1w5o9xYR8e9fPn185U9y1XxZ+0nr6yp7lqviz9pMr7RdH0G9cOaOOiwj456h64c0e48I+Oevn16+sqe5an4s/aT19ZU9y1P7B+0mV9ouj6DeuHNFv6FhHxz09cOaPcWEfHPXz69fWVPctT8WftKHr6yp7lqfiz9pMr7RdH0G9cOaPcWEfHvT1w5o9xYR8c9fPn19ZV9y1PxZ+0oevnKvuap+LP2kyvtF0fQf1w5o9xYR8c9PXDmj3HhHxz189znnK/uep+LP2lD18ZY/AVPxZ+tMr7RdH0J9cOaPcWE/HPQZhzR7iwj456+evr4yz+Bqfij9ah698tfgqn4o/WmV9ouj6GDMOZ/cOEn/jvVSPMOZxtOBUk44+51D/sFfO053y5xMqR/wj9anhz3gsbtaCsxCndxOjMjSP2XJlfaLo+ibM6mF5ZieB4hS/nRhswHkFnfIs/g+NYXi8bn4dWw1Gr3zWmzm++ado8oXzuwPThmjB3t9Sc6V80I/wBmrnmeM82pMCPMQvYtG+n/ACxmOshpc3U8eX8UFhFi1E5zYgd13tuXRjnBczlsn7kNzOvkWq5ezBURTQ4fjMkUndwDSV0du51AO0A22Bx4iNjuLn2pWTuRYIiKQEREAREQBETiQGvZ1xaWjpIqGicRXVhLI3DfG0d8/wAlwBznmUMt4RFhtE2NjfZWGseO/IsVRH1VzpX1r/ZRUrvS8XiZ33ncXeZbbbUYGnfvPjWJ72WRJZrRc2VHu8j79xbcD747B51RraiNkUs07iKeK2tbaXu4mjl2rn7T96I2iyRVyYDg1NFiWOMFpIg8iCk/NeW7XP5QLAcZ4kJOhJJJGC8tTHH5FCGZst+51zXW32C+dmJ+iI0sVtSZo8eZRNJuI6emjY0ecE/KtpyB6J3H6TEIYc8UUWJ0ZcAa2mYIKqL84ObYO8Tgpysi53i2GbiqL/qqPcZ/w/8AlWn5JzbR4thdFiFHXsxDDq1gfS1TdmsONrhxOG4jmK3WF4e24N1W5Ypdxn/D/wCVNSpbucx/MRZXIUClyC3jmGtqPaWP5+NVSkrGyM1XDxHkVGJ7hrRSd83ceUKUCnVSarStUx6onqKiLDKRzhPUmxc3exm4nx8Q5ytgxGSwK8n0lZlqMvZCzNmWjd/OEtsOww8Yle7uTCPES93kCA8S9FBpSbJT1eUsvzCPLmGS+lql8TvCVWN7L8cTCPKQSb+xC5RqqmaplfLM8uc83PjW56X3tpMVpMvwOJiw6AB5v38rtr3Hn3Lc/Q16N6THp5M1Y/TifDqWXudLTvbds8o2lzhxtbcbNxJ27AQdnD0JVZqETVxOJhh6bqT0RpmSNFGdM2U7Kugw0U1C8ewq6x/co3c7b+ycOdoK9CpPQ0Yy+MGpzPh0T7bRHSyvHnNl0dG4uI1fYgAAAcirxMuu5HZtGK/dvZ5ie2sTUf7bRXmc6N9DDXn+19L+4SfaVRvoXK8/2xpf8Pk+0ukI2K4jYp6jh+79WStp4vvfRHE+mfRJiejaLD6moxKnxKkrnPYyWKN0ZY9oBLS13KCCCDyrzZdp+inyrWZk0VvqcPidLU4PUCsMbBdzotUtksOZpa7xNK4sXIxlFUqlo6HoNn4iVejeT38wiItU3QotBcbAXKgogkG4O1AXAoqk/wBWU9I1P4M+dS+m6j8IU9N1H4QoCb0lU/gyqDWOc/UttVX03UfhCqTHlrw8HaDxoC7rsNqaSMPmjczd3wtvAPUQfKFZK9rMSqaqnbBK9xa03ALieS9r7tw8wVkrStf9uhCvbeERFUk9I0L6JcT0ktxCenxGnw2koSxj5ZY3SFz3AkNa1vM0kkkcW9ehH0LdeP7Y0p//AJ8n2l6N6FXKtZlzRaKvEInQ1GMVBrGxvFnNi1QyO/jGs7xOC9Qc1drD4KlKmnNbzzmL2jXjWkqcty+COZj6F6vH9sKX/D5PtK2q/QyYyyNxps04dK8bhJSysB8ouunHtVFwWfqFDs+rNT9Vxa976I4nzvokztlKmfWV+GCqoIxd9XRP7tG3ndb2TRzuAWlUlVPSzMlhkLXMNwvoQ5zhe/shaxB5FzB6JbRrSYFKzNmX6dsGH1Mvc6umY2zYZTfVc0Dc11iLbgRs2EAaOK2f7OOeGh0sBtb201SqqzejPSPQuaUG+lqPJ+Pzd0y/iUnpeikld4OqzujvxRPJ2e1JBFrkLsHJ2IzzRTYXXvc6toiGuc7fKw96/wAewg84518wNDsjarFqvAJnlseIQnuZB7yVm1rhz713zolzRPjWWsrZmqnWrJAcNxM3teVru5uJ/Xax36xXJe53O6t57KiBFcgIiIAiIgClle2OJz3bmi58m1TK0xkluE1bhvEDz/lKA1LRqzumFCodtdO4PceXWJcetbZVOLWSPHECVrWjQD1v0viZ2VsNcf5PJz/WsUdC71PP9OOY35Q0b4jj0f3Wgo3zQg7jUOsyMnxF1180pqiorq2arqJXzVNRIXve83LiTck/KV9FPRY4VUYtoTzFBSsc+WOlbOGjeRG5rz8gPmXzjo5GskbrHYDYnkV4FWX7aSUsDmwyPaXiMODTYuO4X3X2K2qYtS4cCNtiHbwVnfTbzQ0lE5p7hDUiZzmPsXDb5L8hWLzFV+ma6eoIDXTyF+qDuW7VpU4wTi95gpzk3vR0D6CbNtV3bHMkzzOfAYDiFCCfuckffAeNtvMu0sqVnprD4pL3u0Eea64C9BlSzP0nYhi4B9LYdhNTJM7i2s1WjykgLu7R9C+DBaeN4Os2NjT4w0A/KCufLU2Y6GxYtiFLhWGT4jWyFlPA3WeQLnkAA4ySQB41hssZxwvME0kFNHPBNHa8czQCQSQCLEg7RbmWWxzDKbGcHqMMq9YQztsS02c0g3BHOCAVgMo5JpsvVclSKqSplcANZzA2wBvaw51G6w5m0u2K1qjqOZJyOsfEVdO3K0xD7gfGOtETyMTjUvcoJZPaNJ8wJ+heE6YyX4BkPCTtbU4k+slHL3KEuF/1nle2ZsNsKrSN4hk7Ll4lpcN8ayJHxNoq548eowKVqRyOKtJMzqjPeLSE3/jyPMF15ouw1mD6PMBw6NobqUUT32G97xruPncuPM88MsW6S/rXbOXh/MeHgbvS0XzbV3NkJZpM830hk8kI/FmXgCu4graAbFeQjYutJnn6a3FaIK4jaqUQVzENiobMUTxktNwvG9IPoc8oZlr5cSwWrny9VTHWkihibLTlx3kRktLfE025AF7MAlliqU4VFaSuZ6VWdJ3g7HMv8FCp/LmH/C3f6ifwUKj8uYf8Ld/qLpmyWWDqVDs+rNv9RxPe+iOZv4KFT+XMP+Fu/wBRQ/goVP5cw/4W7/UXTRChZR1Kh2eo/UMT3vojmb+CjU/lxD/hbv8AUT+CjU/lxD/hbv8AUXTFksnUqHZ6j9QxPe+iOZ/4KNT+XEP+Fu/1EHoUaj8uYf8AC3f6i6YA5lGwTqVDs9R+oYnvfRHM/wDBQqfy5h/wt3+on8FCp/LmH/C3f6i6Zslk6lQ7PUfqOJ730RzMPQn1P5cw/wCFu/1Fuej70OOUcuV8WJY3Wz5hqYSHRxTRNipw4cZjBcX+Jxtygr2ayjZXjhKMXdRKTx2ImrORJLdxufIBxK3eN6unDYrd42raRotFq8Ki4bFcvCouClMxtFrKNi1PSdhjMY0fY9hsjQ7utFIWXF7Pa0vafI5gW3SDesTjrQcKrAeOCTsOV7KUWnzMDbhJSXJo4m0aTOp8+YTIDY93A84K7b0Nyujy1nTDWnZR4oysiHte6Qh+z9aNcOZE2ZywnpLOtdvaIzavz9H96aWhf5e5SBePnofQ46nTdNIJYGSt3PaHDyi/0qorHL5LsCoXHeaaI/5Ar5WRAREQBERAFb4m5jcPqHSC7BE8uFr7NU3VwrPHPA9Z8BJ2SgMVlOejqMPppKBgZDqtsAzU+95Fka4fxL/J1rXtGfB+k963srYq37i7ydaxR0L8y0xiiZW4fJE+JsrS0tfGRcPaRYi3lPnK+d3ohtCuMZFxupxfBaWatyxUSF0M0bS40xJ+5ychG653jnuF9IIOPxrHYvgdNXCR8bjBLI3VeWtDmyDke1wLXDxonYNXPkhHVzxN1GySsHIshljL+O5qxmLCsBw6qxCsncGhsTC4+M8g5zsX0VxXQhlGtrHVFVk3K9TITcvbSywknnax2r5ln8v5DpcHpTR4XR0GD0rhZ8WHUwhLxyOf3584VvaEKJ5XoL0XR5Iy0MusMdTilZKyfG6lm1jS3aymaeMA7XH6wF0LhFKKemawDcPOqWD4PS4fC2OCJrGgWAAWUaANgVC2iBIAuTYKUSMO54WAxirmmr/S0Ti2Nps6x3q0rhLQPY6ne432uBNweayo5pOxZQbVzanHYrTEPuDvJ1qnhdQZmFp27ARfkIuFPiB/k58nWroryMHmN0bKSofKLxtY4vFr3FjfZ4l45p2mpKjN2SX0TAyI4fX2AZq8TOJevZtP80V3wEnYK8T0sbMwZG/R1d2WK0eIq9DiTPXDLFulP6121l4XwTD9v+zxfNtXEueeGWLdKf1ldu5aH8y0HRovm2rubI1n8jzXSDSn8/sZmEbFdQhUIgrqMLptnGgtxXjCuohsVvEFdRDYqmeKI2soEKpZQ1VBYpopiFCygkgoWU1ksoJsSoo25kQWIKNlGyWQWIKNlEDYlkBCyio2UQ1WIJCFQkG1XRGxW7wpRRotnBUXDYrlwVFw3lSUaLWQbFiMeH811nwMnYcs1INixGPj+aKz4F/YcrxZr1EcMZF4ZYT0pnWu69BM9JBmPPT61gfF6SoLgs1vvJOJcKZF4ZYT0pnWu3NEtvVXPnQaD5uReQlwn0GOp0tgzo34TSOiFozBGWi1tmqLK7Vhlvg/h/RYuwFfqVoQERFICIiAKzxzwPWfASdkq8Vnjngas6PJ2So5A1rRnwfpPet7K2Ks+4v8nWtd0Z8HqT3rOytirf6O/wAnWsUdC/MqQcfjVjjGM0OGUstTV1MMEMbdZ8kjw1rRykkgAeMqzzTjEOD4Y6WWZsDNR8s0rt0ULG6z3+awHOV87tOelfHdJeY52CompsAgkIpKIP8AYkDc9/tnnlO7cLW2zFXDdjsHG/RGaNaOrdTDNcErmmxdT08k7AffNAHmus9k7Slg+ZwX5exfDscDBd8FNIWVLRy9xksT+qV82xEwC20+ParjDayuwquhxHC6yakq4HB8UsTy1zSOQjcsjpbiuc+q2C43SYlCJKeQO4iNxB4wQdoI5Csswgi4XM/oeNJcue8uvxOoc2LMGFlkWKsaLCqjOxk9vbCxB+q1uicGqxU0zJAd4WIvqWtfRmGudUapdE83NuIq3rGNqQBG0gcZI3LYt4txKmYo731Qq5Ve5ZTaVixwqAxsc8jVvYNHIALBTYkf5OfJ1q8I2bFZYn/R3eTrVkVNZzoZzg9W2mDDI6NwGve1tU33cwK8Z0s8IcjW/F1f2WL23H7dwmLt2pJf4t68R0r+Hsi/oyt7LFMeIryOJs88MsW6U/rK7fyqL4JQH/dovm2riDPPDLFulP6yu48qttg1EOSni7DV3Nle/wDI83t7Wn8/sZqIbFcxhU427AriMLpnJiipEFdwjYreMK6hGxVMiROAoaqqAbFGyFkUdVQ1VW1U1VBKKGqoaqr6qhqKCShZLKtqJqcyE2KIaohqrBiiGILFENUQ1Vg1NVSQUw1NUKrqpqqUVKJCoSNV0QqMg2IQWjhsVJzeNXJCpOaiK2LV7diw+YR/M9b8C/sOWce1YfMYtg1af7h/YcrxMNVbjhDIvDLCelM6123om8LZ86DQfNyLiTIvDLCelM6123om8LZ86DQfNyLyUuE95HU6Ty3wfw/osXYCv1YZb4P4f0WLsBX6laEBERSAiIgCs8c8D1nwEnZKvFZ454HrPgJOyVHIGtaM+D1J71nZWw1/9Gf4vpWvaM+D9IPzWdkLZalmtG5o4xZY46F+Z4n6L2rqaPRFmKogc5plo4Ka44mSTXf57ALgDD2a0Bdxk/8A2vplpbyuzOejnE8BcQ19ZSOga4/eSDawnxODfISvmvPSVmA41WYNi1O+lqqaUxyxvFi1wNislGye8pLQyceA0ctOyWTEqGmcxrXFtS5wMl9p1bDb4ucLHYxSR0df3KInUcxrwCd1xuVWdvdRG4Su9gPY2OyytK6b2b5Zn60h2kkrp1qlNwso2NWnCae9nr3oMKyaHS/UULCe41eGzslHEdUBwPnHyrubJLnGhaDxblyF6CzKVVAMWzvVwujZOz1Ow7WFjI9xvI4cwaLeddlZbpPS1ExpHEFyJam7HQzQ3KBQFFAJXblZ4kP5MfGFeOVpXWc6OLlOsfEiJNWzrHM/BqwQSiKRsbnBxbfYAbjyi4XjOlrhDka34ur+pi9szZtwet+Ak7Ll4npY4Q5G/R1f2WKY8RV6HEueOGWLdJk6yu6Mstth1M3kijH+Rq4YzvwzxbpMn0ruzAG6tNA3+5iP/SYu1st75+B57bq3U38WZqIbFWYLKSIbFWaDstZdM5MUTxhXMW5UGDiVxGhdFZqiAoNUyAAJZRAUQFBZIl1U1VPZFBaxJqpqqdLbEFiTVTVU9uREFiSyWU9kshDRJZQsp1KdysipI7aqLwqzt1lSN9qEWKBG1U3NVZwVMhBYt3hYXMvgWt+Ak7DlnXjYsHmjwLWj+5k7DlMdTDV0ODMi8MsJ6UzrXbeibwtnzoNB83IuJMi8MsJ6UzrXbeibwtnzoNB83IvKS0PcrU6Sy3wfw/osXYCyCsMt8H8P6LF2Ar9StCAiIpAREQBWeOeB6z4CTslXixWb66mw3LGI1tY8sgip3l5DS47QQNg5yFD0CMHoz4PUnvWdlbS4XuFq+jQEZfpQeRo8zbLaTvKxR0L8ywqIzEXO1S6N3fgDa08oXiunfQNl7SMPVSKX1MxlrdVldEzWbKBuEjd5ty98N20L3cgEbVayUpDi6I6hO+24+MbipFj5/Yl6GTSVSVToqSTCa2IHZLHXNYLc7X2IW26O/QuS+n4qvO2LxzxscHep2GEyPk5nSWDWDnFyuzH0rnH2dNC/nLQpo4nx95SsCnMxZGu5TyxT4fT0sbKSCjpqSIRUlJCP4uBnIOUnjPH4t+3RgNbYBUA6o/At86mD6j8E3zqtiS410BJVuH1FvuTVEemne1ZzgJYXKskjYmaz953AcaoajrOlk793FyDkVWKANdrvJc/lKVOyMqSDS8/z1MGXa19HEyWoMeoxjiQCXex4uYkrx/S2AMxZHA/F1f1NXtuNtDzGxwuDNGD5yvEdLXCHI36OruyxI8QehxLnjhni/SZOsrvLCW6sdNyGlp3eeCNcG554Z4v0qTrK73pGakWFu9vh1MfNE0fQuxst/vl4HA24v2QfxMtENirNCkgGzYrhrdi6hyFoSsVZilDVMNilElZhVQKiwqowoSTgKIUApgqlkAEsoooLELKJvbZvREAsiIgIWUFMoFSiGSlSuU5OxUyVZFCVx4lTO5TEqVCCmQpCFWspSFALWQbFr+bL+o1Y0b3QvA/YctilGwhYHG291jfFvu19/EGPP0KYuybMVZXVu04KyJwywnpTOtduaJfC2fOg0Hzci4jyNwzwnpMfWu3NEovi+fAPcNAP+nIvKy4T3C1Okct8H8P6LF2AsgsNkevpcSyjhlbRSGSCSmYGuLS3vRqnYdu8FZlStCAiIpAREQBYXO8AqcrVsDhcSBrSPG9qzSxeavAU/vo+21Q9CVqYTRuP5ip/J1FbRxrWNHHgOn8nUVs53lY1oW5kEREAREQBERAEREAVGq7wqsqVT3hQGsYx90i+HZ1leH6WuEORf0bXdli9qzPOykp/TUpAjjkY5xPJf/7Xi2lq4zDka/4uruyxI8QehxLnnhni3SpOsr6AOZq4Nl6cbnUUbD5I43DrK+f+eeGWLdKk6yvoWyPumQsJmH9RBTPPiMTGnrC6uznaocXbEc1JeflYuKUXCumhWtCbxhXrdy65xI70QtsULbbX28iqWRSSU7FRBIVSwUNUIQRY+yqNcDxqlqXQNPEhJXBUVQGsONR1n8iglMrIqQe7kTuh5FFiblVFS13cQQOceUKbC5UJClLgpCHJq8qkrcgXqQqfVSyEElksp7KFigJLbbKBCqDdeylIUE2LSfcsJIwzS1zuKGinf5TG5o6yszWuDWE8isMPiJy/jtafv4nxNPM2N5PylVm7U2ysVmqRXz8j595F4ZYT0pnWF25oj8MZ76Fh/YkXEeReGWE9KZ1rtzRH4Xz50Kg7Ei8xPhPaR1Ohch04pMr01K0ACJ0jABzSOWcWKyp4Hb8NL845ZVTHQMIiKSAiIgCxmafAU/vo+21ZNYvNXgKf30fbaoegRhdHHgOn8nUVs/GtY0ceA6fydRWzrHHQvzIIiIAiIgCIiAIiIAqdR3hVRUqjvCgNNz3SQV2X6+lqWl0ToXEgOI3AuG0c4C8b0tEnMORifxdX9TV7BpAqZ6bLldLTQieYx6jIy619b2O/xEnyLx/S2LZiyMP/AG+v6mpHiD0OJc9cMsW6VJ1r6NZQjZV5Lw+CS2rLQRNPliYF85c9cMsW6U/rX0cyKNXLOHM9rTRN/wAjV0cLuUn4HLx2+UU9N/2LDDS9jTFKLSRnVeOcbD1LIsOxS4/TGmr21jB/FVFmv5n8vlA84VOJ4ttOxdmMsyzHn8jptwfIuRvUyptcpg4bbbxxKSSdQQKKkERuUQpQl1BNidFLdL86AmRS7L3S+xATIpR41G6AioFLqFxa90FgoE7bKFzfYBa29RUkWCgoqFxe3HxIBbapH8qnO5UZ3arCTyKAYnG5xFA87zbdyrI1tIaDI89M7vxRyOk98Y3l3yn5FY4VTnFMeYHDWgpSJZOQm/sW+U9SzWbj/wCXsRP+7S/NvWCvLSBkw0L5qj8F9z5t5F4ZYT0pnWu3NEnhfPnQqD5t64jyLwywnpLOtduaI/DGfOhUHYkXnpcJ62Op0ZlXwO34aX5xyyqxWVfA7fhpfnHLKqVoQERFICIiALF5q8Az++j7bVlFgNIdWKDJmJVpaXCCMSWAvezgVD0JRYaOPAdP5OorZzvK1jRv4Bpj4upbOVijoW5kERFICIiAIiIAiIgCo1PeFVlRqe8KA1jHGtk1I3gFpmYCPKV4jpa4RZG/R1d2WL27GfukXw8fWV4jpa4Q5F/Rtd2WJHiIehxLnjhni/SZOsr6O5NFsFpByQsH+Rq+ceeOGeL9Jk619HcnD+ZaT4JnYauhhPeObjtY/Mzk8EVTTPp5260bxY/WtWmimoKo01Qb8cclrB45fHyji8S20blSraWCtpjBUN1m3uCDYtPKDxFbtKrke/Q0a+H9orrU16N9/Iqwd5lZ19LVYW7+PvLTXs2do2DmdyH5FGGoa4XDr+Vbyakro5t3F5ZKzL0OF7XF+RRBvfi5FRbIDxqZrxuvdBcqg+VAbqnceOyi1x1dtr8yE3Kl0upA7lUA6wJJJ8iC5UuEupDY7DtHIiAnvtsl9tlJd20bByFNYDj3nYgJwdtjv5kB3/WqYcb2IGtbaRxqa6AmvxBQNrDWtfdxqGsALncFAHjvxbggJwik1gORSSTNaLkoCd7gAsRidU9zm09O0yTSENY1u8kpV1z5JW01Mx0szzZrG7SVnsu4KKC9XVubLXPG0jaIxyD6T9CrUqKmrsU6cq8ssdObLjAsNbheHCAkOmedeZ4++d9Q3BWWcDbLmJdFl+bes4Vgc6X9bWJDlppQPi3LQi3KV2dKpBQp5Y6I+b+ReGWE9KZ1rtzRF4Yz50Kg+bkXEeROGWE9KZ1rtzREP53z50LD+xIuRLQ70dTozKngdvw0vzjllVrujau9U8l0GI6pb6Z7pJYi1ryOWxKY6BhERSQEREAVljoBwatBAINPJsPvSr1WeOeB6z4CTslRyCNb0Z8HqT3reytpO8rVtGfB6k96zsraTvKxR0L8yCIikBERAEREAREQBUanvCqypVA9gUBqWZZm01P6YkIa2OVjifKV4tpa4Q5F/R1d2WL2TPdHFW5fr6afW7mYXE6ri03ALhtHOAvG9LZJzDkUn8X1/U1I8QehxLnjhni/SZOsr6P5M8BUfwMfYavnBnjhni/SZOsr6P5M8B0Y/uWdhq6GF945mN4o/M2Bm5RUGqKzmJAgFpaQC0ixBGwrA4jlyNxMuGyimfv7k4ExnxcbfJsWeRWhOUHeJjqUYVVaSNEqXVuHO1a+nfDxB+9h8ThsU8Nc0gHXG7zreCA5pa5oc07wRcFYatyzhVSS6JjqSQ8cJsP2Ts6ltRxUXxI588DUj/bd/ExDaq+61/GqgqAdx2qlU5WxSG5pKqGobyPvG76QsbPTYzSX9MYfUAD75rdYedt1sRlCWjNWSq0+OLMwJxe19tlEStsN1gtcGI6riHXaeQ7OtVW4iDtuVfIzGq8TYBMoGYcxsR5FhBiLON1lEYiy3fjzqMrLe2j2mbEoG7rTuzd9725FhPVBh2azT5VD1Qb7ZMrHtomdEoa2w4udO7DlCwHqkxoO0qVuJa51Yw555Gi5+RTlZHtomfMzdt3X2qR1UwDesdT0mNVQ/icOnDT99INQecrJUmVq6XbW1zIW8bYRrHzmw+RY5ThHVmWEas+GLLSoxKONpJeB5VNRYdiuK2c1hpaY/wBbKNpH5rd5+QLY8OwPDKFwkipxJMP62U67vJfd5AskSSteeJ7iNungW99R/JfksMJwqjwthbTsLpXiz5n7XO+ocw2K+RFqNtu7OhGKgssVZEp3FYPNw1sEqme2icP8pWdcsJmP2VI9h4wew8/QrR3GOqrqx828icMsJ6UzrXbeiTwtn3oVB83IuJcjcM8J6TH1rtrRL4Wz70Gg+bkXJloduOp0lloAZew8AAD0rFsHvAsgrDLfB/D+ixdgK/UrQgIiKQEREAVnjngat6PJ2SrxWeOeB6z4CTslQDW9GfB6l96zsraStW0Z8HqT3rOytpO9Yo6F+ZBERSAiIgCIiAIiIAqc/eFVFTm71Aarm3wRXfASdkrxLS1whyL+jq/ssXtubPBFb8BJ2SvEtLO3MGRf0dX9liLiD0OJs8cM8X6TJ1r6PZP2YLSj+6Z821fOHPHDPF+kydZX0dyj4JpR/dM+bYuhhfeObjtY/M2FpsLKKkbuUbrPYwJkyKW4UUsLkwtxqNlKFEKLFkyNrbioblFFBJTmihmFpoY5B+e0O61Yy4Hg0ty/Daa/K1mr1WWRKW5VZSa0ZSVOEuJXMM7K+Bu3Uhb72V4+lSetPBfwc4/5hyzllFW9rPtZj6tRfuryME3KeCj+qnd453KqzLGCN30Qd76R5+lZhE9rPtYWGor3F5FhDguEQm8eG0oPKYgeu6vomRxC0UbWD80BvUooqNt6mWMIx4VYcd1DZ40uocSJE3CKBPKoXU2K3JrpdS3UEsLkXLDYz7K7fzXnzRSH6Fl3blh8T9lKfgpj/wBCVTyfgUlvcfFep83Mj8M8J6TH9C7a0SeFc+9BoPm5FxLkbhnhPSY121ok8K596DQfNyLlS4TtLU6Sy3wfw/osXYCyCsMt8H8P6LF2Ar9StCAiIpAREQBWeOeBq3o8nZKvFZ454GrOjydkqOQRrejLg7Se9Z2VtJ3latoy4O0nvWdlbSd5WJaF+ZBERAEREAREQBERAFTm71VFTm71AarmzwRW/ASdgrxLS1wgyL+jq/ssXtubfBFd8BJ2CvEtLXCHIv6Or+yxTHUPQ4mzvwzxbpMn0r6NZTNsKpR/ds+bYvnLnfhni/SZPpX0Yy0dXD6ccjGfNx/WuhhOZzMd7psLDsUwJVOM7FUatg1kRUQEAUwshIaieVLhCU7EQVFS3HKgPIosWTJuNFAG6XUWJuRQKF0ulhciihdL+JTYi5FSqIPOlwhFyCgVNcKOxSQUyFCyqbENkuRlKVkU5ta6lKCxI87Fh643md8DP/8A55VlpONYer21D+aCoP8A8eVS+F+DMb4o+K9T5wZF4Z4T0mPrXbWiXwtn3oNB83IuJMjcM8J6TH1rtvRL4Wz70Gg+bkXJlwndWp0llvg/h/RYuwFkFj8t8H8P6LF2AsgpWhAREUgIiIArPG/A9Z8BJ2SrxWeOeB6z4CTslRyCNb0Z8HaT3rOytpO8rVtGfB6k96zsraTvWJaF+ZBERAEREAREQBES6AKnP3inuqU21thvQGrZsN8IrfgJOy5eJ6WuEORf0dX9li9zzWwMwWuA3+l5L/sOXhmlrhDkX9HV/ZYrJWkRe6OJs78M8X6TJ9K+i+C+wghb/cwO89PCV8588cM8X6TJ1r6MUY1PSQ9vh9E//wCOwf8Aat7CcT8Puc7aHDF/H7MzsJ2Ks0q2g70K4buW0zViTXS5UQE2cyrctYluUuVPdttqiNXlU3IylMXUdqqBo5lHVCXGVlMXTbyqpqhLJcnKymiqaqWS4sUwiqWUNVLixJtULnlVTVUNVRcnKSXNt6hrGym1VKGAbkuRYhrlRDihaoapS5NmR1rpdQARLkWZTkPsSsS/2dVUAfe0dU7/AKDx9KysvekrGULe6VOLP4osNm87muH/AGqZO0JP4GNK9SK+K/J83ci8MsJ6SzrXbeiXwtn3oNB83IuJMi8MsJ6SzrXbeiTwtn3oNB83IuVLQ7kdTpPLfB/D+ixdgK/WPy3wfw/osXYCyClaEBERSAiIgCs8c8D1nwEnZKvFZ454HrPgJOyVHIGt6M+DtJ71nZW0neVqujLg9S+9b2QtqO8rEtC/MgiIgCIiAIihxICKgiIApN7lOqbjYhFqDXs3eBq7o8nYK8K0tcIci/o6v7LF7nm4/wAz13R5Ow5eGaWuEWRf0dX9liu+IqtDiXPHDPF+kydZX0clbqNwV34TCKb5GNH0r5x544Z4v0mTrK+kOIM1cJyxUW2OoGRE8/cYnjqK28K7VLGjj1/w37GvWxkqUewCr6wa25IVoJo4YdZ7rbFi/TmIYvK6DB4O6NabPnedWJnjdxnmFytxK+/kaLqKO7VvkZSrxCKEG7xdYSozPSNeWCdrncjTc+YLMUOUKMES4tPJiMvGw3ZCPE0G5/WPkWfpaelpYxHS00MDRuEcYaPkCxPEUo6K/wBDJHCYmpvk1H6v8epofrmiG13dWjlMbgOpV6bM9HIdUVDL8msAVveudxJPlKtqqioappFVRU04/vIWu6woWLp84/X+CeoV1pUXl/JgKfF4X29mPOr2KsjcNjh51JPlHAZbmGmko3ctNK6P5No+RWEuUq2K5oMZLh7Wphv/AJmEH5FdVqMudvH+LlHRxUPdT8H+bGXZUNIvcedTiVpWuOoMz0psaOKqA46ecE/susVRdilZS7K2graa28yU7gPOLhXUFLhaZjddw44teKZtQkCjrhavT5ipHmwqIyeTXF/Mr2LFYnDY6/iCl05LVExxNOWjM3rhNcLEtxKI/fhTjEIvbt86plZkVWJk9bnUNYLGen4vbt86gcQi9u3zplY9rEyesFDXCxLsTiB775FazY9Sx3152N8bwPpVlTb0RSWIhHVmf1wmsOULV/XHTvNoXGXmjaXdQKqMxPEJR/E4XiEg5qV/0gKfZNalFioPTf4GyawTYtfFbjDdpwXEgOjH60GNyw/0miq4fhKd7foUezfIt1iK13fIzNUQ2Mm+5WOX2F+E5iqTuMLogfewyOPyuCspcYbWM7hRxvqJn7GxxtJJ+TZ4ythpqE4dk6rppCHTGmmfM4bi90by63NuHkWOu8lNp6sy4W1aspR0j66HzEyLwywnpLOtdt6JPC2feg0Hzci4kyLwzwnpUfWu29EvhfPvQaD5uRc2Wh2I6nSeW+D+H9Fi7AV+rDLfB/D+ixdgK/UrQgIiKQEREAVnjnges6PJ2SrxWeOeB6z4CTslQEa3oy4PUvvWdlbSd5WraMuDtL71nZW0HesS0L8wigl0BFQuiIAiIgCIiAKlPsbdVVTn7woDWs2G+C1p/wB3k7BXhulrhFkX9HV/ZYvbc1HVwetHLBJ2CvEtLXCHIv6Nr+yxXTu0RayOJs8cM8X6TJ1lfTqloYsRyZhNPI4sIo6Z7HtsSxwhZY8+8i3GCvmLnjhni/SZOsr6gYFETlnCT3SS3pKn2a39zGsibi7oxyipJxejLCDLELnA4lVyVbBuiDe5xnx2JLvFeyzbDFDE2KJrI42CzWtAaGjm5FJ6Xh3lmseUkn6VFsMQ3Rs/ZCtOpKfEylKhTpcCImaMb5GftBQ7tHxPv4rlVGst3rPMFM1jibA7eQG/yKljLcpCQcQef1Smtc31HXHMrfE8UwnDATiWJUlLzSzNafNv+Ra7V6RMowEiOpmqyPwNM4g+V1gtatjcPQ/u1EvFo3MPs7F4nfRpSkvgnbzNpLzxXHm+tNd/EWnzfWtIOlHA7kRYZWnnPcm/SVUi0l4U/wD9Nqmj38a0JdINmR1rL6/g3/6b2pa/sX9PybkZZbcVvJ9akNRUMvqMb5LjqK1uLP2EP30lS39gq6izjgkm+KdvjjafpVF0k2U93t19TBLYm0Ia0mX1VJFOCKrDaeYf3kV+sFY6TDsvyG7sCp2HlicWH5CFdR5lwF/3zm+OI/QVXjxfA5BsqWjxhwWzT6QbP93ExX/sl9zTq7Jrv+5Rb8Y3+xivUfAD3sOIw+8qnH6SoeomCe78Vj8cpP8A2rONnwqTvKyP4z6wqrI6R/eTsd4ntW/S2rTq/wBusn4ST+5oz2ZTjxUrfKxr7cBwM78XxDy1AH/YqseXsunvq6qk99XOHUAs96UYRdpB8l1D0oz2jXeRbXWKveZjWCwy9xGKiy/ldu00tPKf7yVz+tyvqeiwOm/o9FQx87IG36iq/pWMf1TPKFDuLRuhYsbqzlq2ZYYelDhil8kVG1BAtBGdXlvqjzBDLO7e1nynrUmoBuit51EbNzT8qoZSIfN7SP8AZUwmnH3g8jiFKHO9qph3Q8QHjQDu0u4x3B/PVDE5XeouIDuTv6NLxj8E9XIbyklUsT2YHiFvcsvzT0B8t8i8M8J6SzrXbeiTbi2feg0Hzci4kyLwzwnpLOsLtvRJ4Xz70Gg+bkVZ6Ex1Okst8H8P6LF2AsgrDLfB/D+ixdgK/UrQgIiKQEREAVnjngat6PJ2SrxWeOeB6z4CTslRyCNb0ZX9btL71nZWzlaxoy4O0vvWdlbOd5WJaF+YREQBERAEREAREQBU5+8KqKnP3hQGq5tH80VvwEnZcvE9LXCHIv6Or+yxe2Zt8EVvwEnYK8S0tcIci/o6v7LEjxB6HE2eOGeL9Jk6yvpuzF8OwTJGFV2J1Ahh9J07Wixc57u4s2NaNpP/AO2L5kZ44Z4v0mTrK7y0oufLhmWYCT3OPCYXAcV3MYCfM0BaW2Me8BhJV4q7VrfNnS2Ls+O0MbChN2Tve2u4ylbpdw9jnNosFqZgNzppmR38gDisdNpexE/ccEpGe/nkd1ALzmRuq6ylXgJ9Jtoz357eCX4PqlLolsiC/tX8W/ybxVaVMzTAiGLDqfnbTl5H7Tj1LBYlm3M+JAsq8arDGd7I39zb5mWWEUQtCttbG1ladV28To4fY2z8O706MU+2yv5sBvsi4klx3njPl3qYAXva6N41Fu4rnNtnRuVGHYqscjhxlUWqo0LG7GKUi7iqXgb1XZVuA3qwbsU7SsLhFmvJIyTK544yq8WJPb98ViAVEFYnRi+RhcIvVGfjxeVv3586rsxuVv8AWHzrWta3GoGQrG8JB8jG8LSlyNsZmKpYbtme08ocQr+mz1isDbd3bMBxSsDvl3rQjK7lUpmdyrcwk8RhHehUlHwbRiqbHwlZWnBPxR6O3SXXR9/Q0kniL29RKiNK+of43BGu95VEdbV5m6Rx41TLiV3aPSLalP8AzN+KT+xrf0rsqWtL6tejPV4tLWF7psHrWe8ljd9SvINKWWX/AHSHEovHTh3ZcvGVLYcgW9DpZtCOrT+X4ME+heypaRa8G/vc92g0iZQl2OxJ8PwtNI36CslR5pyxVkCnx7DnOO4GcNPmdZc7WHELeJSuF9hJPj2rbp9McSuOEX5r7s1KnQPBS4Kkl5P7I6ijLJI+6RPbJGdzmkFvnGxUMVFsExDo0vzT1zbheIYjhVQJ8MrqijkBveF5bfxgbD5QvWsi54kzDg2KYVirI2YjFRTSMlYNVszRG69xxOFwdmwjbs2heh2X0koY6apSWWT05p/M8xtjohidnUnXhLPBa7rNfLfu+fyPnfkXhlhPSWda7b0SeF8+9BoPm5FxJkXhlhPSmda7b0SeF8/dBoPm5F6CWh5OOp0llvg/h/RYuwFkFYZb4P4f0WLsBX6laEBERSAiIgCs8c8DVnR5OyVeKzxzwPWfASdkqAjW9GXB2l96zsrZzvK1jRlwdpfes7K2c7ysS0L8wiIgCIiAIiIAiIgCpzd6VUVKbvCgNWzZ4IrfgJOy5eJ6WuEORf0dX9li9szZ4HrfgJOyV4lpZ4Q5F/R1f2WJHiD0OJs8cM8X6TJ1ld/6Sae+XssVQGx2HRxk84iicPkJXAGeOGeL9Jk6yvo3nWi9NaLcKnaLupaelkPM0wsa7rC5fSHDuvs2rFapX8nc6vR+uqG0aUn2289x4xVNs5UFd1ote+9Wi+TQd0fcqbvEKIUFEKxYmbxqLeNQHGojjVSpO1TtKptUwVTHJFQFTAqmFG6rYxuJU1go63OqV01lFiMhU1lKXKTWUt1KiSoE5cpbqS6hdXSMqjYmJUqhdLqbFkrC6hdFBSiyClUVBSiwWzaMmOdmSZzdzKCsc7xel3jrIWsr0XQxhxdh+Y8Ye32MdE+mjPO6N73fI1o8q7GwaLq7QpJcnfy3nE6SYiNDZdaUuat57jg3IvDLCeks6123ok8L596DQfNyLiTIvDPCelR9a7b0SeF8/dBoPm5F9XnofDo6nSeXPAGH9Fi7AV+sflvg/h/RYuwFkFK0ICIikBERAFZ454Grejydkq8Vnjngat6PJ2So5A1zRlwdpfes7K2Y7ytZ0ZcHaX3rOytmO8rEtC/MIiIAiIgCIiAIiIAqU3eFVVSm70oDVs2eCK34CTsFeJaWeEORf0dX9li9tzZ4IrfgJOyV4lpa4Q5F/R1f2WJHiD0OJs8cM8X6TJ1lfT/DKWOtyVQUU33OfDYY3eIwMH1HyL5gZ44Z4v0mTrK+ouAcGcI6DB8zGsripJxloysW4u61Rz7jdLLS1U1NO0tlieWPH5wJBWJXp+mPB+4YlHisbf4qrFpDbdI0bfO2x8hXmTwWvIK+M43BywWJnh5cnu8OX0Pu2xcdHHYOFZc1v8ef1JVEKCLWOsTKYKQblEKpWxOFMFICohRYq0TgqN1JdQuosVyk5KhdS3ULpYmxPdSkqF0UkpBQQlQUliOxLqCIAoKKghKIIiDbsG9WRJFrS46oBN+RdA5awf1C0cyUD2gTmjmlqPhHxPJHk2DyLzHRdgkNXjPqliDo4sPw/VmmfK4NYXX9g0k7NpF/E3jXsFRX0eIYFij6OpjnDKeUP1SbtJieRcEAi427tvEvedEMC4wlipc9y8Ob893yZ8x6c7UVSpHBQe6O9+PJeW/5o+X2ReGeE9Kj6123oj8L5+6DQfNyLiTIvDPCelR9a7b0SeF8/dBoPm5F7Keh4GOp0nlvg/h/RYuwFfqwy3wfw/osXYCv1K0ICIikBERAFZ454HrPgJOyVeKzxzwNW9Hk7JUcgjXNGXB2l96zsrZjvK1jRkf/AC7S+9Z2Vs53rEtC/MIiIAiKAQEUUFAoCKKCICN1Tl7wqdSS96UBq2bPBFb8BJ2CvEtLPCHIv6Or+yxe2Zs8EVvwEnYK8T0tcIci/o6v7LEjxB6HE2eOGeL9Jk6yvqJgHBjCegwfMxr5d544Z4v0mTrK+omAcGMI6FT/ADMazFClmPCosbwSpw2QhrpG3iefvHja0+ffzErnvFKSamqZYJo3RyxPLHsO9pB2hdCYjizKWqFFTQPrK0tDzExwa2NpvYvedjQbGwsSbGwsCVoWkrLeK10UmYW0dOx7GD0xFAZHEtH35LgLkCwNhuF+JeT6U7JeJpLE0l+6Gvxj/Hpc9l0P2ysHXeGqv9s9Pg/59bHlSKEokaTZospNaTkHmXzxK59bSuVFEblSvJzeZAZN2zzJYmxWCiCrd8jmN1nva0cpsAqfpiV33KMuHtnDVH1nzKVTbVyjsi94tqlc4NbrOIaOUmw+VWdqp/fTlvNG3V+XaVKKdodcsDne2cNY+cqypxWrK73oi4NXT3sJNc/mAu6goemvawSnxgN6ypLPtZLPHEPMpUYdhbI+bJvTMh3QDyyD6AoemJ9v8VH+2fqUt38iXPtUVuwlQ+JN6YlG+Bp8Un1hRFUfvoJR72zuoqS59qU1hyE+RTaPYMnxKrKmB51e6Brvau9ifMbKqrQlrm2cLjkIuFTazuf3CR0X5oF2/snZ5rKPZxem4i0l8S+RWrawsv6YYQB9+y5b5RvHyqux/dBrRt1m7732edUlTlHUmLuTgE7BvWSwXDaiurYqWmiMs8rg1rR/+2LJZRydjuPva6kpHMpyRrVEg1Yx5ePxC69wyTk3D8t038X/ACise0CSdzbeRo4h18a7Oytg4jaE02stPm+3w7fQ8vt3pNh9nwdOm1Kp2dnj2epZZKyTS4VTxOqnOqpWO7o3unescRtLG7hutrbXW4xuUc0WpcaqJGg2qcMqoX7b3LIzKzzXkHlK3QANatLzp/SoXc1Q39qknH0L6jSpQowVOCsluR8fq1Z1pupN3b3s+ZWReGeE9Kj6wu29EnhfP3QaD5uRcSZG4Z4T0mPrXbeiTwvn7oNB83IrS0KLU6Ty3wfw/osXYCv1j8t8H8P6LF2AsgpWhAREUgIiIArPHPA1b0eTslXis8c8DVvR5OyVHII1vRlwdpfes7K2c7ytY0ZcHaX3rOytnOwlYloX5hQS6ggIqCIgCIiAIiIAqc3elVFTm71AatmzwRXfASdkrxPSzwiyL+jq/ssXtmbPBFb8BJ2SvE9LXCPIn6Or+yxTHiD0OJs8cM8X6TJ1lfULBZY4MpYZPM7Vijw+F7zyNEDC75AV8vc8cM8X6TJ1lfS7En20c4bT3saulo6bySMiDv8AKHrKULzJVLJJRnEaptqqtf6YmvxOeAQ3xNbqNHM1bPG0N4h4lj8Dka+ma5osHbR5dv0rJg7EB5xnPRbS4hNJXYDJFSSvN300gtET+aR3vitbxLz+u0eZnpXEPwapeB99CBI0+VpXQ4O1WWN4xTYTC0ytM1TJfuMDbaz7byTxNHGTu5zsXm8b0WwWJm5xvBvs08n9j0+A6XbQwkFTbU0u3Xz/ACc21mXMUo43S1VBVwMba7pIXtA5N4WOdhmKPB7lRTsb7Z8LrnxNt1+Ze8vkrMTqRVYjLruabxxtuI4vejl/OPsjzblkqf2AsL+crnx6Gwj/AJn/APP8nVXT3Ec6S8/4OcWYNiDX6/pGqkf7YxPcerZ5FXZguMv7zCK93ipnn6F0iyR3tj+0frU4ldbvj+0Vf+j6b4qz8v5LLp7VS3UF5/wc5xZYzLL3mAYmf+Vd9IVzHkrNz92XsQ8sQHWV0JrnjsmtzN8wWSPQ/DLWpL6GOXT3F+7Sj9fyeBM0f5xd/wChTt98+Mf9yqt0c5wI8FNHjqIx/wBy951zxW8yjrm29ZF0RwS1lLzX4MT6d7Q5Qh5P/seEDRrm8/8Ap8P71H9af+Geb/cNP+9x/Wvd9d27WKj3R3tirLolge2XmvwU/rraXdh5P/seEDRlm4/7HTDx1kanbouzW7fBRN8dWz6l7p3R3KU7o72x86suimB7Zea/BH9c7T7IeT/J4jHoozM7vpMNZ46gnqaryn0P4s77vitBH7xkj/oC9h1z7Y+dS6yyx6MbPjqm/n+DDPprtWWkkvBfm55rQ6IKFljW4xNLzRQNZ8riT8iy9FkPCMDqWV2E0UNTMzaY6wGVj+e2wNPOB5Ctz1kuCt/D7IwOH3wpr57/AFucrFbe2jilarWdvhu9LFbAcbosTBp2sNJWRNu+lkI1gOVpGxzeceUBZXV22IOwg+ZahjGFx1bWysc6GojOtFLGdV7HcoI2g/8A7aNiucsZilmq24NjerHX7oJg3VZUgbbWGwPtt1RsO0t3Fo6JyTZJXarCStHzVOJZI7HdI8f/AB6hbdi0vcKKV5NrNXmTcRZXnXifrNbO5txzQThAfPHI/DPCekx/Qu2tEnhfP3QaD5uRcS5I4aYT0mP6F2zok8MZ+6DQfNyKsuElanSeW+D+H9Fi7AWQVhlvg/h/RYuwFfqVoQERFICIiAKzxzwNW9Hk7JV4rPHPA1Z8BJ2SoCNb0ZcHaX3jOytmO8+Na1oy4O0vvWdkLZTvKxLQvzIIiIAiIgCIiAIiIAqc3eFVFTm7woDVs2eCK34CTsleJ6WuEWRP0bX9li9szZ4HrfgJOyV4npZ4R5F/R1f2WKY8QehxNnjhni/SZOsr6OZiqjDlXKsbd/cY5j4o6Rlv80gXzjzxwzxfpMnWV9Dc3vPraw1zdvpXAY5PFrCP6I1lKG45QqjLTgcQtZbECbbl53odxVmJ4FTVTHBwkYDcLfcUr6bC8OkraonUbYNa0XdI47GtaOMk7B9QKAtsfxePCKVry3utTLcQQ3trEbyTxNGwk8Wy20hahAyeapfV1kpmqZbF7yLbtwA4gOIcXOSSaRmqK2tfiFaWmolsA1pu2No3MbzC+/jJJ4xa9p9gQF1ACFdMvZWsbwAqndQBvQF0CQpg48qx8tdDEwySStaxu9xOweXctaxTSTk/Di9s+PUb3t3shk7q4eRgd1qUnJ2SJinJ2SN1a51zdwIJ2WG5Ta3OvG8T0+ZSpiW00VfVuHtIQztO+hYGp9ELI8kYflSsl5DJM1vUFtw2diqnDTfkbdPZ+KqcNN+R0Fr/AJyj3TZe5Pi2rm6XTxm6Qn0vlOnYP7ypeeoKkdNufnbW5dw0DkMspWdbGxr9z6r8mytiY9/4n9DpfW/OUdYcq5qj03Z9Ztky3hrxzTTBXMGnvM0Z/leTYXN5Y69w7TCj2Nje59V+Q9h49f4n9DowO57pfnXg1H6IelBAxDKeKw8phmilA8nsStiwvTxkGqc1lXWVmGvPuujkYP2m6wWCps/FU98qb8jWqbOxdLfOm18j1e/Ol+da5gWcMs440HCcew6tvxQ1LXHzXv8AIs2JL8YWo01uZqNNbmV78Si0lUO6BRDxdQQXI2hYrMGFRV9KQQQ9ti1wJBBBuCCNoINjcbQRdZBj1MSC0oDS83ZyxHDskV7K+AVFXDEWw1AcGmRx9i3WbbeXEXLdh5AsHkfBzgmUMOo5ah1TUaznTTO3veYaguPnJ8ioaYHvmrqDCqZpcHTNqqmw3Rxn2N/HIWj9UrNUmzDKMXvZ9v8AozoD565I4aYT0mP6F2zok8MZ+6DQfNyLibJHDTCekx/Qu2dEnhjP3QaD5uRVnoStTpTLfB/D+ixdgK/WPy3wfw/osXYCyClaEBERSAiIgCs8c8DVnR5OyVeKzxzwNW9Hk7JUcgjW9GXB2l96zshbMd5Ws6MeDtN71nZC2Y7ysS0L8yCIiAIiIAiIgCIiAKnN3hVRU5u9QGrZs8EVvwEnZK8T0tcI8i/o6v7LF7Zmy3qPW/ASdkrxPSzwiyJ+jq/ssUw4g9DibPPDPF+kydZX0XpoBiOGOgkF2+o9FB/8bWPbC+dOdxfOeL9Jk+lfSbJkYmpibfeQs/YpKdv1rKUPOfQxVjsLy/iGF4tJ3B2EV0tPIX8jXHV5zcEWttN9i33Fa+fGK8VU7HRU8VxTQO3tB2Fzh7Y/IPYj74nWq7CYsvaUJXgWgxembM0nd3aI9zfbnLHRu862CUgOtcDm/wDpATMNjdVRNqDabbL+RYWnxKbEap1Hl+jdidQ12rJI12rTwnkfLtF/zW6zuZaXnjM9Dh88uGx1EGY8WYSJri2G0bhvGpe87xx67i0cY4lkpUZ1ZZYIy0aM60ssFdm341nXDMOo3VLZO7xA6ola4NiLuQSHY48zNc+JeZZs0rYu8mOjlZQNcPY6kWvM4coDto8ZAC1OonxzMleamCofUSEarsSqe9aPawtAsGjkaA3kHGstguTMNpzr1QfXzON3Om70n3o2Hykrv4fZdCis1d3fYv8Af97D0WF2PRp76zu+z/f9+BqVZX43mOpJmmq61198znVTx4m/c2+ZXtJkzEKixqaaV3NUztYB+oL28y9OpKRscYjjY1jBua1oA8w2K9hptlgLeJdKGJjSVqMFFHapSjSVqUEjQaHJMsQH9Bi96x7vqCycOUtXvqtn6tMPpctzjpeZVmU1uJVeMrPmZXiaz940+PK7B/tbz4oYwqgyywf7VL8VGtvFNs3fIo+leUKnWKvaV9vU7xprstC2yrd5YGKi/LMn3tXH+tTD6HLd/S2zcpHUwtuUrE1Vz9CViKq0kaDPleqINn0kg52vb9axNXlOo23w+F/wU7b+YgFenuprcSovpzzrJHHVomWONrx5nimJZSijcZZKCrpXjdJ3Ei36zb9ausEzJnvLxHqHmepngZ/s87xOzxWdcj5F6y6AgmwsebYsbiGE0NXf01Rwyn2zmDW84sflVpYqnVVq1NP/AH/eZhq1aVZWrU0yTK2nura5tLmbBmNk3d1pZNW/6jzbzO8i9PwTPuCYnSemoZZo4x3xlge0M98QCB5SF4hi2S6SoY4U0z2X+8mHdG+fvh8q1mGDM+TK5ldh0tRAIz7F8MpbYcjXjsu2cy51bZOGr78PKz7GcPE7Hw9TfQdn2M6upsxYTMP4rEaV/inZ9alrs0YbCO5QTCsq3bI6emtLK88zWnrsOUgLzLRzpSy9j/c6LN1HRQVNwwVzqdgZrckrS09zP5w9jy23r2mhwimpGD0tTwxxvAI7kxrWuG8d6AD8q8/Xw9ShLLUVmedr4epQllmrGt0GXpp8OrKvFGsOJVxa94a7WELWg9zjB47XJJ43OJ3WVjLGYKaCMi2rKG/9OYL0IQ6rVqObYmxR67RYCZh+R4+lYTCfN7JHDTCekx/Qu2NEnhjPvQaD5uRcTZH4Z4T0mP6F2zok8MZ96DQfNyKs9CY6nSmW+D+H9Fi7AV+rDLfB/D+ixdgK/UrQgIiKQEREAVnjngas6PJ2SrxWeOeBq3o8nZKjkEa3ox4O03vWdkLZjvK1nRjwdpfes7K2Y7ysS0L8yCIiAIiIAiIgCIiAKnN3pVRU5u8KA1bNngitt+Ak7Ll4npaN8x5F/Rtf2WL2vNngit+Ak7JXimlo/wDmPIv6Or+yxTDiD0OJ88G2c8XP+8yDrX0m0aP7rgkE/FJd3ks0f9i+bGeuGWLdKf1lfSPQ+1/rFwN8gs99BA93jdGHHrWUoZnN2W6bH6OKOV0kM8EndaeeIgPifYgkXBBBBIIOwjYeIjB0Wj0Vcgbi+I1uIQi14XkRRH3zI7a/ic63Mt/hF9i8K9EjpN7h6YyPgFUWao1cYqoybi/+ztI26xB9lbbYhg2l1s1ChKvNQiZqFCVeahExWlXSPDK1+T8jSspcLh/iaqvp7N7rvBih1bWZvBc2xdtDfY3J8+w3BY5o2sqIwKdtrQW2Otu17b/e7hzqTLWGPEbJ54wxxH8XF+DHk++PGfINg27fQUmwGy9HSpRw8ckPM9ZhsNDDxyQ8yFFS7AA2w3WAWWpaWw3KtSU3MsnTU9+JLm0rIt4KbmV5DTcyvKem5leRU/MouQ6liwjpeZVmUvMsiyEciqNiFlFzG6pjW0vMpvSvMskIxyKPcxbclyvtTFGmHIpDS7Nyy/cxyKQxjkRMlVTCupdh2K3kprX2LPOhFlQkgHIrXLqqa9JT8ytJYOZbDLT79ispqfYdiGRSTMDLBzK0liu1zXNDmkWIIuCs5NDtOxWU0PMoKSSPPcy5PZI812CkU1Wwfc/vHjk5vF5iFs+hDS9UZXqm5ezOJTgweI3B4JkoHco4zHvOqN20tsQWm+mitewWq5uy/HicfpmHVirom+wedgkHtHc3Pvado3K03GvD2dXf8TVr041o5Km866cYpadk8ErJoZWB8cjHBzXNIuCCNhBBBvx3Wh5+l7nhs7z945rvMf8A7XmnoY9IstLXDR7j8j2xyuLcLfKbOilHfU58e0t4r3A2OC9C0ua0OWcVlG+OlkkH6rS76F5uvQlQm4SPK16MqM3FnzpyKb5ywnpTOtdtaJPDGfj/ALjQfNyLiXInDLCelM6121ok8MZ+6DQfNyLXnoYo6nSmW+D+H9Fi7AV+sflvg/h/RYuwFkFK0ICIikBERAFZ454Grejydkq8Vnjnges+Ak7JUcgjW9GPBym96zsrZjvK1nRjwdpves7IWzHeViWhfmQREQBERAEREAREQBU5u9KqKnN3hQGq5s8EVvwD+yV4npZ4R5F/Rtf2WL2zNngit+Ak7JXielrZmLIv6Or+yxTHiD0OJ888M8W6VJ1lfTLR00NyphdhYCjgH/SYvmbnnhni3SpOsr6Y5NqqTDsi0eI187KekpcOjmmlduYxsLCSfEB9HGspQxunHSAMi5SEdA9px7Eg6KhZa/cgO+mI5G3FuVxaOIrmLL2GPqKgVFSXyHW1yXnWLnkklxPGbkm/KSshmXHqzPmdKzMtax7IpSI6OBxv3CnbfUZ47EuPK5xWfwWhDGtAC9Jg6Kw9P/yep6jZ+HWHp3erL3DqTYNiztHTWtsUtDTWA2LMUlPu2K9zop2FLT7NyydPBu2KNNCORX0UYAUXMcqhCKIDiVdjLKZrVOBZVuYHIlDVMAogKNlFyuYlsllNZLJcZiUhSkKpZQslxmKRapHMVchQ1dilMlSLJ8QPErSaDfYLKlqoyR7CrJmSMzBzQb9isJ4bA7Fn5ot+xWM8O/YlzKpXNenh2HYsdVQ7DsWxVEO/YsZUxEEi2xQVkeYZ8wt8b24xROfDUQua5z49hGr3rxzt2eTxBe4UWaY8+6IX4xLq+nDSTU2IRj72dsbg/wAjgQ8czuZef4vTB8b2FoIIsQtf0SYq7AszY9lSZxFLilFI+AHd3WOKQstzlmuz9Vq1sbT9pSzc0cnaNHPTzc0cz5F4ZYT0pnWu2dEnhnP3QaD5uRcTZFFs54T0mPrXbOiTwzn7oNB83IuDLhOEtTpTLfB/D+ixdgLILH5b4P4f0WLsBZBStCAiIpAREQBWeOeBqzo8nZKvFZ454GrejydkqOQRrejHg7S+8Z2Vsx3la1oy4O0vvGdlbKd5WJaF+ZBERAEREAREQBERAFTm70qoqc3elAarmzwRW/ASdkrxPS1wjyIf/ba/ssXtmbPA9Z8BJ2XLxPS3wiyLb8W1/ZYphxB6HE+eeGeLdKk6yuz9OGZ3QZAy1kehktLiFFT1WIap3QNYzUYffvBJ/Nj51xhng2zli2y/8pk6yvf6evqMyYu7GqlpaZmRMiYdvc4mRMZG3yNb5yV09n0faVbvRG3s+j7Srd6IzeXaENY0WW74XS2aNixWA0lmt2ci2yhgsBsXYnK56RMr0kG7YsrSw8ypU0YCvoQAFS4citCywVwwWVFjrKcPCi5idysNyiCqHdByqHdedVuUsXF01grbuqh3VLk2ZdayawVp3VR7sLKLixdawS6tRKFHuvOlyLF0CobFbiVTCQcqm4sVbKVzQod0HKheCpTJVyjIxWU0VwdiyDiCqEgCnMXizD1EW9Yyqh2HYs/NHcFY6qi2HYly+Y1XEobsdsXlWkUT4ZV0uO0Z1J6STWDh4jv/AP3GV7LiEPsSvOdIdGJsFq2kX/i3H5Crx3poxVFmi0c15EN854Tf3UzrXbWiTw1n7oNB83IuJch8MsJ6UzrXbWiTw1n7oNB83IvMS4TykdTpTLfB/D+ixdgK/Vhlvg/h/RYuwFfqVoQERFICIiAK3xNrHYdUNlNmGJ4cb22apurhWmMguwmraN5geP8AKUBjcp01DS4XTR0EgfFqtsRJr8XKsmd5Ws6MiPW9TW9qzsrZj3x8awrQvzIIiIAiIgCIiAIiIAqc3elVFTm70oDWswtY+jnZKbRuY4PN7WFjfbxbF49p6p6OmznkaOheHxDDsQsQ/W+9Zxr17NQvhNYBxwP7JXiOl8auYMgP4nUOIMHj1GFTHUPQ4nz1wyxbpT+tdF5IpL0NKbbO5M7IXOmeuGWLdKf1rqfJFOPUqjNt8MZ/yhdjZrtm+R09lay+RuGDU9mDZxLP0zAArDD2BrAsgxwHGt1s66kXcZsqzZLKxEtlETbULXMgJedQ7tzqw7upe7G29QQZDu3Ope786x5mPKpe6nlSwuZAz86h3bnWO7t+cod250sLmS7tzp3bnWM7tzp3e28/KliLmT7tzqInWL7tzlRE3OlibmVE/OphNzrFCY8qmbMeVLBWMs2bnU3dudYts5UzZ9iWJsjJd1UpkuFYd3uo93CAuXOurWYXBUe6iypvfcJci5jK+MFpWiZyhDsMqxb+qd2St/rLFpWmZuaPUyrJ4oX9lytBlGzkfInDLCelM613ToEp6OpzPn2OueGReksP2l+r/Vyca4WyGP8AznhPSmda7a0Pi+K6Qn8TaWgZ5e4yFecloeVjqdMYM2NuE0jYjeMQRhpvfZqiyu1Y5ebq4FQtPFTRD/IFfKVoQERFICIiAKWVjZInMducLHy7FMnEgNJ0Zu1MK9LO76F2oRyFpLT1LbXiz3eNajQD1JzrX0b/AGMVU70xFzh+/wAzg7zrbSdZocd9rHxrCtLFyCIiAIiIAiIgCIiAKSXvSp1K7cgNfxqLulPLH7dpb5wR9K8H00gx4Lo+xd2xlNij6GU8ndoC0f5mWXQmIxktK8k0pZYqMyaOsz5ZoW/zlBq4lhY4zNG7urAPGQ9vlCLcxyOBdJULqfPeLRkW/jyfOLrp/RXXR4jkjB65jg7XpWNfbic0ajh52rnbS3qV+I0WZadpEOJ04LxbvJW7HtPOFsvof9IFPgc8mXcanEVBUya9PO82bDIdhDjxNdYbeIjbsJt0sFVUJ2fM2sBWVOpZ6M6fgnDW71VNWBxrX/TRAFjcEXBHGFTdW/nfKuwqTO4os2L04OVPTg5VrXp3nUzKy53qfZFlFmxiqvxqPpjnWBjqr8auYp78aeyGVmV7tccyh3UqyZJcKdrrp7MZS57qVDupVEFLpkGUrd0PKod0PKqSC6ZBlK3dCoiQqigTIMpcCUhREtuNW9yoF1lGQZWXYnURUc6x7pbKk6otxqfZjKzLCoHKphUDlWE9Nc6iKrnUezYszNioHKoOqBbesQ2p509Mc6o4Mo0y9qZ7tO1aHpRxBmG5Mxeue4N1KV4bc73OGq0edwW2SPcQbmwtck8i5w9EDn6mxqoblzBZ2zUVPJr1M7Dds0gvZrTxtbt27id2wAnDWmqUG2a+IqqlBt6miaM4XVGfMJjaL/x4PmBXauhJhny/nvFGC7azGG0UJ9t3KER7P1pFx/ojDcPr67Ms7C6LDYD3JoG2SZ+xjBykld66GMpVGX8n5TytWNvXsacTxXZe0z3d1eD+u5jf1SuDPSxwEez00Yhp2RN3MaGjyC30Kog3IrkBERAEREAREQGu52wmaspYq+haTXUZLmNbvkYe+Z49gI5xzqOWMYhxOhY5rhr2GsONbCtTzFl2qirX4xl8hlS4609MTqtmPtmncHfIeY7TSUeaJTNh5kWr4Rm2lmlNHiDJKSrZsfHK0teDzg9a2CCphmbrQzxyA8hWMsXCKUOdyDzprO9qpBMil1ne1KazvalATIpNZ3tCms/2iAnUCpdZ3tD501ne0+VAW9XHrNK1THqeenqIsUpGuM9MfZNbvey9yPGLXHOtxfrEW1CsfWQOcCdQqAcZeii0YNoYqzN+X4O65VxaX0zVMibf1LrHb324onk+IEkG3sSuWqmmmp5HMkYQWmxX1HrqCroZZ5aGmZUU1QC2qoZADHKDsdYHZtvtB2Fc+6RfQ85czDUzYhkHEIcDrr3lwav1hC08YjfYuiH5rg5vIQrxnyZDRzDlXSHmnLsDaWkr+70jO9p6lvdGN5hfa3yELbodOGKBg7vglG93GWTyN+Q3V3juhjOeBvd6tZGxN0IP9JpITURO5w+EkecBYVmUsAjOrWU1XTOG9rxKwj9pq26eLqwVoyM0MVWpq0ZGT/8AHGs/J+D97f8AUot051g/s9B+9v8AqVg3KuTjvnkH/Gd9SmGVcl8dVJ8c76lk6/iO96GTr+I73oZFmnetb/Z2D97f9Srx6f61n9mqc/8AOP8AqWKGU8k8dXJ8c76lEZSyNx1snxrvqTr9fveg6/iO96GbZ6Iitb/ZemP/ADr/AKlUb6IytH9laY/88/7KwQyjkTjr5PjX/ZUwyhkK3hCT4x/2VHXa/e9COv4jvehnf4R1b+SlN+/P+yo/wj638lKX9+k+ysEMoZA/GMnxj/sqIyhkD8ZSfGP+ynXa/e9B1/Ed70M5/CPrfyUpv35/2U/hH1v5KU378/7KwnrQ0f8A4xf8Y/7Kh60NH/4xf8Y/7Kddr970HX8R3vQzo9EhWfknS/vz/sp/CQrPyTpf35/2VgvWhkDjxGT4x/2U9Z+QPxlJ8Y/7Kddr970HXsR3vQzh9EhW/kpTfvz/ALKlPoja0/2Vpv35/wBlYX1oZA/GUnxj/sqX1oZC/GEnxj/sp12v3vQdexHe9DLv9EPWu/sxTj/nX/ZVF3ogK0/2ap/3x/1LGnKOQ+LEJPjX/ZUpylkX3dJ8a77Knr1fvehPX8R3vQyP/j7W/k5T/vj/AKkGn6u/Jyn/AHx/1LG+tLJHFWSH/iu+pSHKmSuKqk+Od9Sder970HX8R3vQy49EBXD+zdP++P8AqUk/ogMWLCKfL9Cx3EX1Ejh5hZYk5VybxVEh/wCM76lSOUMAldq0VPV1TjubGJXk/stUPG1373oV67Xfvehhc36TM3ZmgfS1mICno3iz6alZ3KN3M621w8ZK1OkpZqmVscTCS42B4l7FgWhbOWNvb6jZJxFkLiP5TWRelom85fMR8gK9l0aeh5y7gFZBWZ4rI8w4kSDFgtA1zoS7iEjtjpR+aA1nKStWdVyd5O5glKU3eTuYD0LejFtTDRZyzBB3LLGEy+maGOVlvVOsG6XV44mEbPbEAC9iV2Tk3DZ4Y58Ur2FtbWkOc12+Jgvqs8e0k855lZ5dy9USzQYhjUUUIpw0UeHxAdzpwNjSbbCRxAbG8XNtiqld3ZUIiKxAREQBERAEREAREQGPxnBcLxiIR4lQw1Ib3pcPZN8ThtHkK1yXIbInXwzG8QpBxMkLZmjz2d8q3NFDimTexpByxmmK4hzBSyDi16d7epxUhwHOg3Ythx8YlW9Iq5ELs0X1Bzr+NsN80qh6g51/GuG+aVb2iZEMzNF9Qc6/jbDfNKnqDnX8bYb5pVvSJkQuzRfUHOv42w3zSp6g51/G2G+aVb0inIhmZoowHOv42w3zSqBy9nFw24zhw/4Up+kLe0TIhdnnsuVc3v343h3xM32ljq/R7mOsIdPi2GPe3vXGCYOHidrXC9TRMiF2eWUOSM80Tr0+YcPtyOEpPnG1ZWPAM8FtpsUwmX3wmPXdb8ijIhmZofrczXx1OCX+Cf8AZUPW5mv3TgnxT/srfUTIhmZoXrczX7pwT4p/2U9bma/dGCfFP+yt9RMiGZmhetzNfujBPi3/AGUGW81e6cF+Kf8AZW+omRDMzQ/W3mr3TgnxT/qT1t5q4qnBfin/AFLfETIhmZpDctZit7KuwoHjtTOKj62cwe78L/dXLdkTIhdmkOy1mINOrXYSTxXpnBUvW3mr3TgvxT/qW+ImRDMzQvW3mr3TgnxT/qUfW3mr3TgvxT/qW+ImRDMzQ/W3mr3TgvxT/qT1t5q904L8U/6lviJkQzM0P1uZq904J8U/6k9beavdOC/FP+pb4iZEMzNDGXM1e6sFH/Cf9SrxZczSRY45RQDj7lBIf+4LdUTIhmZp7MkOnfr4pj2IVX5sdoQfKLu+VbBguCYVg8bmYbRRU+t37wLvf75x2nylZBFZRS0FwiIpICIiAIiIAiIgCIiAIiIAiIgCIiAIiIAiIgCIiAIiIAiIgCIiAIiIAiIgCIiAIiIAiIgCIiAIiIAiIgCIiAIiIAiIgCIiAIiIAiIgCIiAIiIAiIgCIiAIiIAiIgCIiAIiIAiIgCIiAIiIAiIgCIiAIiIAiIgCIiAIiIAiIgCIiAIiIAiIgCIiAIiIAiIgCIiAIiIAiIgCIiAIiIAiIgCIiAIiIAiIgCIiAIiIAiIgCIiAIiIAiIgCIiAIiIAiIgCIiAIiIAiIgCIiAIiIAiIgCIiAIiIAiIgCIiAIiIAiIgCIiAIiIAiIgCIiAIiIAiIgCIiAIiIAiIgCIiAIiIAiIgCIiAIiIAiIgCIiAIiIAiIgCIiAIiIAiIgP/9k=', 8);

-- --------------------------------------------------------

--
-- Tablo için tablo yapısı `role`
--

CREATE TABLE `role` (
  `id` bigint(20) NOT NULL,
  `name` varchar(255) DEFAULT NULL
) ENGINE=InnoDB DEFAULT CHARSET=utf8mb4;

--
-- Tablo döküm verisi `role`
--

INSERT INTO `role` (`id`, `name`) VALUES
(1, 'ROLE_admin'),
(2, 'ROLE_user');

-- --------------------------------------------------------

--
-- Tablo için tablo yapısı `user`
--

CREATE TABLE `user` (
  `id` bigint(20) NOT NULL,
  `email` varchar(255) DEFAULT NULL,
  `enabled` bit(1) NOT NULL,
  `first_name` varchar(255) DEFAULT NULL,
  `last_name` varchar(255) DEFAULT NULL,
  `password` varchar(255) DEFAULT NULL,
  `token_expired` bit(1) NOT NULL
) ENGINE=InnoDB DEFAULT CHARSET=utf8mb4;

--
-- Tablo döküm verisi `user`
--

INSERT INTO `user` (`id`, `email`, `enabled`, `first_name`, `last_name`, `password`, `token_expired`) VALUES
(1, 'muharrem@gmail.com', b'1', 'muharrem', 'bilir', '$2a$10$mGia4GE.BbkXNG5MMwe4duh3D3R437kfzncmcW/MgIHM8e0xUnIde', b'1'),
(2, 'mustafa@gmail.com', b'1', 'mustafa', 'bilir', '$2a$10$LtFXr6ZTf/QRI08rAZiqNOL01KYSiPxdjDjWgtzxL.AN3ukV5iVW6', b'1'),
(3, 'ayşe@gmail.com', b'1', 'ayşe', 'bilir', '$2a$10$HthQ/rU361ktl8UjREAkjebi8RV6WhlL0rXgJBZT.TzmkCqbU2fvq', b'1');

-- --------------------------------------------------------

--
-- Tablo için tablo yapısı `users_roles`
--

CREATE TABLE `users_roles` (
  `user_id` bigint(20) NOT NULL,
  `role_id` bigint(20) NOT NULL
) ENGINE=InnoDB DEFAULT CHARSET=utf8mb4;

--
-- Tablo döküm verisi `users_roles`
--

INSERT INTO `users_roles` (`user_id`, `role_id`) VALUES
(1, 1),
(2, 1),
(3, 2);

--
-- Dökümü yapılmış tablolar için indeksler
--

--
-- Tablo için indeksler `categories`
--
ALTER TABLE `categories`
  ADD PRIMARY KEY (`cid`);

--
-- Tablo için indeksler `orders`
--
ALTER TABLE `orders`
  ADD PRIMARY KEY (`oid`),
  ADD KEY `FKel9kyl84ego2otj2accfd8mr7` (`user_id`);

--
-- Tablo için indeksler `product`
--
ALTER TABLE `product`
  ADD PRIMARY KEY (`pid`),
  ADD KEY `FKtk2x6pc5p0cktqqfo8nb6e6or` (`category_cıd`),
  ADD KEY `FK5tvu3p6dostcyd44gysjqxk9d` (`product_imageiid`);

--
-- Tablo için indeksler `product_image`
--
ALTER TABLE `product_image`
  ADD PRIMARY KEY (`iid`);

--
-- Tablo için indeksler `role`
--
ALTER TABLE `role`
  ADD PRIMARY KEY (`id`);

--
-- Tablo için indeksler `user`
--
ALTER TABLE `user`
  ADD PRIMARY KEY (`id`);

--
-- Tablo için indeksler `users_roles`
--
ALTER TABLE `users_roles`
  ADD KEY `FKt4v0rrweyk393bdgt107vdx0x` (`role_id`),
  ADD KEY `FKgd3iendaoyh04b95ykqise6qh` (`user_id`);

--
-- Dökümü yapılmış tablolar için AUTO_INCREMENT değeri
--

--
-- Tablo için AUTO_INCREMENT değeri `categories`
--
ALTER TABLE `categories`
  MODIFY `cid` bigint(20) NOT NULL AUTO_INCREMENT, AUTO_INCREMENT=5;

--
-- Tablo için AUTO_INCREMENT değeri `orders`
--
ALTER TABLE `orders`
  MODIFY `oid` bigint(20) NOT NULL AUTO_INCREMENT;

--
-- Tablo için AUTO_INCREMENT değeri `product`
--
ALTER TABLE `product`
  MODIFY `pid` bigint(20) NOT NULL AUTO_INCREMENT, AUTO_INCREMENT=25;

--
-- Tablo için AUTO_INCREMENT değeri `product_image`
--
ALTER TABLE `product_image`
  MODIFY `iid` bigint(20) NOT NULL AUTO_INCREMENT, AUTO_INCREMENT=4;

--
-- Tablo için AUTO_INCREMENT değeri `role`
--
ALTER TABLE `role`
  MODIFY `id` bigint(20) NOT NULL AUTO_INCREMENT, AUTO_INCREMENT=3;

--
-- Tablo için AUTO_INCREMENT değeri `user`
--
ALTER TABLE `user`
  MODIFY `id` bigint(20) NOT NULL AUTO_INCREMENT, AUTO_INCREMENT=4;

--
-- Dökümü yapılmış tablolar için kısıtlamalar
--

--
-- Tablo kısıtlamaları `orders`
--
ALTER TABLE `orders`
  ADD CONSTRAINT `FKel9kyl84ego2otj2accfd8mr7` FOREIGN KEY (`user_id`) REFERENCES `user` (`id`);

--
-- Tablo kısıtlamaları `product`
--
ALTER TABLE `product`
  ADD CONSTRAINT `FK5tvu3p6dostcyd44gysjqxk9d` FOREIGN KEY (`product_imageiid`) REFERENCES `product_image` (`iid`),
  ADD CONSTRAINT `FKtk2x6pc5p0cktqqfo8nb6e6or` FOREIGN KEY (`category_cıd`) REFERENCES `categories` (`cid`);

--
-- Tablo kısıtlamaları `users_roles`
--
ALTER TABLE `users_roles`
  ADD CONSTRAINT `FKgd3iendaoyh04b95ykqise6qh` FOREIGN KEY (`user_id`) REFERENCES `user` (`id`),
  ADD CONSTRAINT `FKt4v0rrweyk393bdgt107vdx0x` FOREIGN KEY (`role_id`) REFERENCES `role` (`id`);
COMMIT;

/*!40101 SET CHARACTER_SET_CLIENT=@OLD_CHARACTER_SET_CLIENT */;
/*!40101 SET CHARACTER_SET_RESULTS=@OLD_CHARACTER_SET_RESULTS */;
/*!40101 SET COLLATION_CONNECTION=@OLD_COLLATION_CONNECTION */;
